Date,log_return_1d,log_return_3d,log_return_7d,ma_7,price_to_ma_7,ma_14,price_to_ma_14,ma_30,price_to_ma_30,volatility_7,volatility_14,rsi_14,volume_change_1d,volume_ma_7,sent_mean,sent_std,sent_median,news_count,sent_prop_negative,sent_prop_neutral,sent_prop_positive,has_news,close,target_close,target_log_return,target_direction
2021-10-12,-0.02543576350608531,0.019329362884612313,0.08421522358356076,55200.1328125,0.015234126050138297,51172.30608258928,0.09514428572561928,47709.196614583336,0.17463848839198137,0.03725776405783618,0.03613402077132235,66.39800858945692,-0.03643691307898789,39483365561.42857,0.2508179,0.0,0.2508179,1,0.0,1.0,0.0,1,56041.05859375,57401.09765625,0.023978814816483514,1
2021-10-13,0.023978814816483514,0.04689201401797086,0.036179937022733526,55491.51116071428,0.0344122273045544,52303.50139508928,0.09746185485087477,48123.79739583333,0.19277988775715182,0.027519606278661048,0.03603284578653344,68.62912781869305,0.014616331352382606,38433297363.57143,0.0,0.0,0.0,0,0.0,0.0,0.0,0,57401.09765625,57321.5234375,-0.0013872457018979745,0
2021-10-14,-0.0013872457018979745,-0.002844194391499763,0.0632914856541816,55993.73102678572,0.023713233363197528,53269.974888392855,0.07605688866187066,48464.76510416667,0.1827463377630585,0.023623628476542032,0.035543210530567824,68.34319846186449,-0.12159175416638535,38405858928.28571,0.0,0.0,0.0,0,0.0,0.0,0.0,0,57321.5234375,61593.94921875,0.0718874583745788,1
2021-10-15,0.0718874583745788,0.09447902748916442,0.13217518328459263,57083.174107142855,0.07902109828617099,54232.61830357143,0.13573622564141985,48912.01848958333,0.2592804615468387,0.03312537736401073,0.03227133905629776,74.48884086731748,0.4141461885507949,40831460053.57143,-0.8056093,0.0,-0.8056093,1,1.0,0.0,0.0,1,61593.94921875,60892.1796875,-0.011458884632588321,0
2021-10-16,-0.011458884632588321,0.05904132804009246,0.10234950574118831,57929.45368303572,0.05114368971395811,55174.09626116072,0.10363710171659801,49348.979166666664,0.23390961101441232,0.03506416998690032,0.03246712105174417,72.01579221528758,-0.3385301249883593,41082853314.0,0.0,0.0,0.0,0,0.0,0.0,0.0,0,60892.1796875,61553.6171875,0.010803865067540788,1
2021-10-17,0.010803865067540788,0.07123243880953138,0.11673720712560406,58898.31640625,0.04508279596542475,56127.929408482145,0.09666645173263633,49825.182421875,0.235391707476736,0.03423095084794636,0.03245694132360923,72.92809550651091,-0.15236349814533257,39583506906.42857,0.0,0.0,0.0,0,0.0,0.0,0.0,0,61553.6171875,62026.078125,0.007646292349290159,1
2021-10-18,0.007646292349290159,0.006991272784242729,0.07603453676732186,59547.071986607145,0.04163103332688478,57050.299107142855,0.08721740456631832,50283.43958333333,0.233528943902215,0.03128443463521927,0.032558640463319626,73.5903882828671,0.3107977522184928,38928968388.85714,0.5412444,0.0,0.5412444,1,0.0,0.0,1.0,1,62026.078125,64261.9921875,0.03541344366049976,1
2021-10-19,0.03541344366049976,0.05386360107733092,0.13688374393390695,60721.49107142857,0.05830721633476732,57960.81194196428,0.10871449233397623,50850.165364583336,0.263751882157258,0.027774643555239672,0.03181142970017047,76.51816003487417,0.06347651011537447,38841459445.57143,0.2913396,0.0,0.2913396,1,0.0,1.0,0.0,1,64261.9921875,65992.8359375,0.026577834542035658,1
2021-10-20,0.026577834542035658,0.06963757055182564,0.139482763659459,61948.88225446428,0.06527888051998376,58720.19670758928,0.12385243302447524,51621.79986979167,0.27839083689366007,0.027860877473932052,0.027684474241439567,78.50473703393105,0.007851491052633719,38713559845.42857,0.0,0.0,0.0,0,0.0,0.0,0.0,0,65992.8359375,62210.171875,-0.059027668390729156,0
2021-10-21,-0.059027668390729156,0.002963609811806238,0.08184234097062766,62647.26060267857,-0.006976980692750101,59320.495814732145,0.04871294517316227,52339.01640625,0.1886003243188814,0.04074755546553866,0.032027891221834956,65.46905036578734,0.1255037231269307,40041035560.28571,0.0,0.0,0.0,0,0.0,0.0,0.0,0,62210.171875,60692.265625,-0.02470225108270476,0
2021-10-22,-0.02470225108270476,-0.05715208493139842,-0.014747368486655912,62518.44866071428,-0.029210306314939483,59800.81138392857,0.014907059293028269,52909.60833333333,0.14709345876528745,0.03248175431676072,0.03334666855653977,61.08566912751494,-0.16280427889354077,38134464270.85714,0.0,0.0,0.0,0,0.0,0.0,0.0,0,60692.265625,61393.6171875,0.011489604888576206,1
2021-10-23,0.011489604888576206,-0.0722403145848579,0.008201121034508674,62590.08258928572,-0.01911589428051863,60259.76813616072,0.018816020811385892,53459.558984375,0.14841233923093045,0.03253857221753162,0.03323883874839785,62.3403268175063,-0.3005545054535258,37081833099.0,0.0,0.0,0.0,0,0.0,0.0,0.0,0,61393.6171875,60930.8359375,-0.007566491344887265,0
2021-10-24,-0.007566491344887265,-0.02077913753901594,-0.010169235377919503,62501.11383928572,-0.025123998683023507,60699.715122767855,0.0038076095458552395,54062.59518229167,0.12704237989407585,0.0323726103057395,0.0333614678902101,60.94404956286387,0.01613083252797387,36836664009.14286,0.0,0.0,0.0,0,0.0,0.0,0.0,0,60930.8359375,63039.82421875,0.03402727333400422,1
2021-10-25,0.03402727333400422,0.03795038687769316,0.016211745606794534,62645.93470982143,0.00628755099198508,61096.50334821428,0.03180739918060338,54740.03619791667,0.15162189500249568,0.03503458399375538,0.03221616140490259,64.81199491748325,0.13723467919946986,35837999657.57143,0.0,0.0,0.0,0,0.0,0.0,0.0,0,63039.82421875,60363.79296875,-0.04337718610106227,0
2021-10-26,-0.04337718610106227,-0.01691640411194533,-0.06257888415476762,62089.049107142855,-0.02778680239434328,61405.27008928572,-0.016960712313802473,55311.87799479167,0.09133508311603578,0.0352847967748118,0.033900869342893394,57.08646988085216,0.12277691372156108,35039109549.14286,0.0,0.0,0.0,0,0.0,0.0,0.0,0,60363.79296875,58482.38671875,-0.03166384386368273,0
2021-10-27,-0.03166384386368273,-0.041013756630740805,-0.12082056256048587,61016.12779017857,-0.04152575988010199,61482.50502232143,-0.048796292579201594,55853.433203125,0.0470687899535942,0.0322500430210318,0.03479346425562373,52.36088390102637,0.25167349886292945,35448841165.0,-0.94709986,0.0,-0.94709986,1,1.0,0.0,0.0,1,58482.38671875,60622.13671875,0.03593449158802419,1
2021-10-28,0.03593449158802419,-0.03910653837672092,-0.025858402581732616,60789.265625,-0.0027493160927620774,61718.26311383928,-0.017760162710144245,56506.35299479167,0.07283753960086026,0.031720823582547165,0.03597860016245008,56.74630068423525,0.036649415578635436,35355835718.85714,0.0,0.0,0.0,0,0.0,0.0,0.0,0,60622.13671875,62227.96484375,0.026144375505153635,1
2021-10-29,0.026144375505153635,0.030415023229494985,0.02498822400612587,61008.65122767857,0.019985913334177097,61763.54994419643,0.007519239097706798,57195.13971354167,0.087993930173349,0.03192938004663475,0.03108311172653093,59.741498390587765,-0.1856107569759664,35130521289.14286,-0.45240957,0.0,-0.45240957,1,0.0,1.0,0.0,1,62227.96484375,61888.83203125,-0.0054647503804892625,0
2021-10-30,-0.0054647503804892625,0.05661411671268834,0.008033868737060322,61079.396205357145,0.013252191019888615,61834.73939732143,0.0008747935942772234,57798.404296875,0.07077059971007116,0.0318714750254446,0.030943247817718407,58.815207682624425,-0.12749160877758314,35884148800.85714,0.0,0.0,0.0,0,0.0,0.0,0.0,0,61888.83203125,61318.95703125,-0.009250698649359285,0
2021-10-31,-0.009250698649359285,0.011428926475305088,0.006349661432588242,61134.842075892855,0.0030116206913330945,61817.97795758928,-0.008072423958636055,58238.471484375,0.052894340602697154,0.03195447242662131,0.03092663307420631,57.20997702061889,0.002589137071073777,36587722521.57143,0.0,0.0,0.0,0,0.0,0.0,0.0,0,61318.95703125,61004.40625,-0.005142950065019365,0
2021-11-01,-0.005142950065019365,-0.019858399094867907,-0.03282056196643526,60844.068080357145,0.002635230922283016,61745.00139508928,-0.011994414581844692,58681.56875,0.03958376624005977,0.02842240903505925,0.030863544207214266,56.29665019821619,0.12125395223662694,37314245554.28571,0.89494246,0.0,0.89494246,1,0.0,0.0,1.0,1,61004.40625,63226.40234375,0.0357758773484733,1
2021-11-02,0.0357758773484733,0.021382228634094794,0.04633250148310043,61253.01227678572,0.03221702890377154,61671.03069196428,0.025220458201104412,59182.450390625,0.06833025544622595,0.026116871285453574,0.03089673951046786,61.02954762410162,0.04415124515264934,37723916991.42857,-0.5505589200000001,0.5597694584908477,-0.5505589200000001,2,0.5,0.5,0.0,1,63226.40234375,62970.046875,-0.004062805617150114,0
2021-11-03,-0.004062805617150114,0.026570121666303882,0.07393353972963292,61894.10658482143,0.017383566054129496,61455.1171875,0.02465099338884902,59644.355208333334,0.05575869929434685,0.020945339649090258,0.029848155344576317,60.21927370897176,-0.04296893805582813,36647867650.85714,0.03842756866666667,0.019348712422959963,0.038049366,3,0.0,1.0,0.0,1,62970.046875,61452.23046875,-0.02439903425460908,0
2021-11-04,-0.02439903425460908,0.0073140374767141645,0.013600013886999822,62012.69140625,-0.009037842493053172,61400.978515625,0.0008347090610609786,59975.60247395833,0.024620477892370207,0.021176744238029774,0.02607563373936957,55.51928403443319,-0.09713247577011908,34841976744.28571,0.46487560666666666,0.7102931324731051,0.853005,3,0.3333333333333333,0.0,0.6666666666666666,1,61452.23046875,61125.67578125,-0.005328129187967981,0
2021-11-05,-0.005328129187967981,-0.033789969059727296,-0.017872490806121792,61855.22154017857,-0.0117944086329832,61431.93638392857,-0.004985364628009581,60167.743359375,0.01592102958147157,0.018332022096852845,0.02521371310530009,54.533133517832276,-0.06164930995363338,33948865412.714287,0.12904055799999997,0.5927089443477065,0.23757928,10,0.2,0.4,0.4,1,61125.67578125,61527.48046875,0.006551908440948538,1
2021-11-06,0.006551908440948538,-0.023175255001628665,-0.005855831984684097,61803.599888392855,-0.004467691528349138,61441.498046875,0.0013994193600130878,60425.1265625,0.01824330322435963,0.018574964363590563,0.025082481779545262,55.5786593589853,-0.0493436748876942,33511293356.285713,0.64949715,0.0,0.64949715,1,0.0,0.0,1.0,1,61527.48046875,63326.98828125,0.028827681539784322,1
2021-11-07,0.028827681539784322,0.030051460792764783,0.032222548204459474,62090.46149553572,0.01991492341868306,61612.65178571428,0.02782442316389977,60737.097916666666,0.042640996251364305,0.021103738883482877,0.026086470632996878,60.01348659209203,-0.15013541140255116,32437801124.142857,0.0,0.0,0.0,0,0.0,0.0,0.0,0,63326.98828125,67566.828125,0.06480556096155835,1
2021-11-08,0.06480556096155835,0.1001851509422911,0.10217105923103716,63027.95033482143,0.07201372987804344,61936.00920758928,0.09091349264267334,61157.051432291664,0.10480846513348907,0.03028357649578983,0.02993736303646752,68.09546761989377,0.6632028541923756,33148520479.42857,0.01785614275,0.6300213965306951,-0.002312761,8,0.25,0.5,0.25,1,67566.828125,66971.828125,-0.008845099182201409,0
2021-11-09,-0.008845099182201409,0.0847881433191411,0.05755008270036244,63563.01116071428,0.05362894082639946,62408.01171875,0.073128694226271,61563.72643229167,0.08784558710324686,0.029774213918618803,0.026919476554092006,66.07706757427906,0.029966326117564224,33807281347.142857,0.15656187960999998,0.48786767250735613,0.049981423,10,0.1,0.6,0.3,1,66971.828125,64995.23046875,-0.02995816542044536,0
2021-11-10,-0.02995816542044536,0.026002296358911544,0.031654722897067125,63852.32310267857,0.017899229198498512,62873.21484375,0.033750709746170005,61814.074479166666,0.051463295639174955,0.032989914673192865,0.02673218859601894,59.741953309467064,0.15045181317792533,35608152328.42857,0.2949052275,0.29844354952848373,0.165518445,12,0.0,0.5833333333333334,0.4166666666666667,1,64995.23046875,64949.9609375,-0.0006967481072823624,0
2021-11-11,-0.0006967481072823624,-0.03950001270992919,0.055357009044393904,64351.99888392857,0.009292050968765952,63182.34514508928,0.0279764194942691,62111.037890625,0.04570722279467021,0.030660925526905924,0.02550388702355708,59.60101477529084,-0.2636974492270553,36074550376.28571,-0.07280588154999999,0.34604900561502633,0.03070958475,10,0.2,0.8,0.0,1,64949.9609375,64155.94140625,-0.012300437518712916,0
2021-11-12,-0.012300437518712916,-0.04295535104644061,0.04838470071364887,64784.89397321428,-0.009708321313674273,63320.05775669643,0.013200929992284616,62336.19934895833,0.029192380611861468,0.031269786375890264,0.025110138889267112,57.05840433681051,0.005692782779403771,36857377725.0,0.027109074380000004,0.37238379195646976,0.041781425999999997,10,0.1,0.8,0.1,1,64155.94140625,64469.52734375,0.00487596370827555,1
2021-11-13,0.00487596370827555,-0.008121221917719563,0.04670875598097609,65205.18638392857,-0.01128221666060436,63504.39313616072,0.015197912458118079,62574.466145833336,0.030284895974983073,0.03127941841297263,0.025019911473570893,57.82365755245021,-0.15548514920314915,37054419804.42857,0.05055168,0.0,0.05055168,1,0.0,1.0,0.0,1,64469.52734375,65466.83984375,0.015351084638069591,1
2021-11-14,0.015351084638069591,0.007926610827632118,0.03323215907926145,65510.87946428572,-0.0006722489591934888,63800.67047991072,0.026115232822888856,62703.5625,0.0440689050761669,0.030080273636959365,0.024963383569002604,60.24984935302986,-0.1756282866144081,37110896645.71429,0.22971839,0.0,0.22971839,1,0.0,1.0,0.0,1,65466.83984375,63557.87109375,-0.029592905846716044,0
2021-11-15,-0.029592905846716044,-0.009365857500370892,-0.06116630772901295,64938.17131696428,-0.02125560660581305,63983.060825892855,-0.006645348419636488,62792.41888020833,0.012190201097395992,0.01697159729368897,0.02651041942494948,53.86283799834486,0.21640997555719865,35601347391.14286,-0.010168648599999996,0.6470765445154173,-0.003927533,10,0.3,0.4,0.3,1,63557.87109375,60161.24609375,-0.05492245425158357,0
2021-11-16,-0.05492245425158357,-0.06916427546023006,-0.10724366279839508,63965.23102678572,-0.05946957232817285,63764.12109375,-0.056503170406800196,62746.006510416664,-0.041194022702266464,0.02435123455287763,0.028845347331618327,44.76890654797617,0.5329264064764772,36242253658.42857,0.31677357142857143,0.39170189734866867,0.06267789,7,0.0,0.7142857142857143,0.2857142857142857,1,60161.24609375,60368.01171875,0.00343096492223367,1
2021-11-17,0.00343096492223367,-0.08108439517606592,-0.07385453245571594,63304.19977678572,-0.04638220004974214,63578.261439732145,-0.05049288307490518,62690.737630208336,-0.037050543657012214,0.024276159370678393,0.028904558674608845,45.373524509294505,-0.1636471638485396,34877620023.0,0.022567705936363643,0.30246875672240775,0.03647761,11,0.09090909090909091,0.7272727272727273,0.18181818181818182,1,60368.01171875,56942.13671875,-0.058423750403308876,0
2021-11-18,-0.058423750403308876,-0.10991523973265875,-0.13158153475174258,62160.224888392855,-0.08394577366815847,63256.11188616072,-0.0998160490605825,62446.742447916666,-0.08814880509992573,0.02959354664557258,0.03209525050995011,37.95890404082986,0.05640725930102608,35664435089.14286,0.016537539181818186,0.6026890980944919,0.03994194,11,0.2727272727272727,0.36363636363636365,0.36363636363636365,1,56942.13671875,58119.578125,0.02046697304630566,1
2021-11-19,0.02046697304630566,-0.03452581243476962,-0.09881412418672403,61297.88727678572,-0.051850223441377574,63041.390625,-0.07807271462771603,62184.300520833334,-0.065365733180058,0.03316815700235994,0.03283435726390321,41.497364263983236,-0.0648958380894108,36038365644.14286,-0.076952557,0.4933878362335533,-0.043798295,10,0.3,0.6,0.1,1,58119.578125,59697.1953125,0.02678245961804076,1
2021-11-20,0.02678245961804076,-0.011174317738962648,-0.076907628276959,60616.12555803572,-0.01515983143224664,62910.655970982145,-0.051079751258107486,62100.53463541667,-0.03870078312572234,0.036157539730933594,0.033748069940045,45.94583774583888,-0.20872455679215618,36059799370.71429,-0.07818777,0.0,-0.07818777,1,0.0,1.0,0.0,1,59697.1953125,58730.4765625,-0.016326255638854346,0
2021-11-21,-0.016326255638854346,0.0309231770254919,-0.10858496855388289,59653.78794642857,-0.015477833272846686,62582.333705357145,-0.061548633852358536,62035.14166666667,-0.05327085608869275,0.034243444346963026,0.032700501599710115,43.75049785542046,-0.1469689893989211,36202850144.14286,0.0,0.0,0.0,0,0.0,0.0,0.0,0,58730.4765625,56289.2890625,-0.042454514477448545,0
2021-11-22,-0.042454514477448545,-0.03199831049826229,-0.12144657718461548,58615.41908482143,-0.039684609589762054,61776.795200892855,-0.08882795102186758,61864.997395833336,-0.09012702768995617,0.03544872572720226,0.02707174854378806,38.71932692667741,0.3411752657139375,36842472749.14286,0.002874883666666673,0.543433460557203,-0.10242596,9,0.2222222222222222,0.5555555555555556,0.2222222222222222,1,56289.2890625,57569.07421875,0.022481248103212805,1
2021-11-23,0.022481248103212805,-0.03629952201309016,-0.04404287482981911,58245.10881696428,-0.011606718777687042,61105.169921875,-0.057869010226892725,61752.938671875,-0.06775166563903978,0.03380959309203995,0.028691646100201015,42.45536688783481,0.06991875788000645,35505539650.14286,0.1254926788888889,0.687127799279604,0.13745572,9,0.2222222222222222,0.4444444444444444,0.3333333333333333,1,57569.07421875,56280.42578125,-0.02263871996463873,0
2021-11-24,-0.02263871996463873,-0.042611986338874454,-0.07011255971669145,57661.16796875,-0.023945789447905486,60482.683872767855,-0.06947869741292856,61527.625390625,-0.08528201074008157,0.03399541468194747,0.028380818234665994,39.82267246067984,-0.02268157599849907,35142278772.85714,0.014535333599999983,0.5304546260467214,-0.048377547,10,0.2,0.5,0.3,1,56280.42578125,57274.6796875,0.01751183816078035,1
2021-11-25,0.01751183816078035,0.017354366299354378,0.0058230288473977865,57708.674107142855,-0.007520436509026229,59934.449497767855,-0.044377980152581764,61424.654947916664,-0.06756204432789281,0.027461695241188064,0.029257620555051312,42.771360415951385,-0.0641876391470505,34127375565.57143,0.14852175004444443,0.481251303404682,0.0967098,9,0.1111111111111111,0.5555555555555556,0.3333333333333333,1,57274.6796875,53569.765625,-0.06687380102128215,0
2021-11-26,-0.06687380102128215,-0.07200068282514052,-0.0815177452201899,57058.700892857145,-0.06114641962158496,59178.29408482143,-0.0947734054615128,61260.90091145833,-0.12554721154973691,0.03566888081217102,0.03311488521090723,35.74302147529025,0.21954055553334073,34571424201.14286,0.03414841899999999,0.3826504478726606,0.029819129,8,0.125,0.75,0.125,1,53569.765625,54815.078125,0.02298046960742265,1
2021-11-27,0.02298046960742265,-0.026381493253079112,-0.08531973523080795,56361.255580357145,-0.027433339435681714,58488.69056919643,-0.06280893636779705,61067.332291666666,-0.10238295881020265,0.03500904607578442,0.03419745881022023,39.35056268787801,-0.2690669501424898,34562366037.0,0.0,0.0,0.0,0,0.0,0.0,0.0,0,54815.078125,57248.45703125,0.043435386277887976,1
2021-11-28,0.043435386277887976,-0.0004579451359714771,-0.025558093314065493,56149.53850446428,0.019571283327615374,57901.66322544643,-0.011281302778006541,60901.34869791667,-0.05998047243232285,0.04066220987225471,0.03663600887142608,45.75877068407833,-0.07997064021800704,34847143001.57143,0.0,0.0,0.0,0,0.0,0.0,0.0,0,57248.45703125,57806.56640625,0.009701684218223901,1
2021-11-29,0.009701684218223901,0.07611754010353458,0.026598105381607003,56366.29241071428,0.025552044208285496,57490.855747767855,0.005491493462321584,60765.273177083334,-0.04869075075513962,0.03697855174841905,0.03648990266957196,47.138344199057755,0.15129534419236768,34466388512.0,0.011500883999999996,0.5553703926105708,-0.084424324,9,0.1111111111111111,0.7777777777777778,0.1111111111111111,1,57806.56640625,57005.42578125,-0.013955922421075117,0
2021-11-30,-0.013955922421075117,0.0391811480750369,-0.009839065142681007,56285.771205357145,0.01278572826633595,57265.44001116072,-0.004540508723237635,60621.48880208333,-0.059649855064415114,0.036471625939007254,0.03388120971238561,45.35508121864952,0.13400190462451156,34355358614.714287,0.29324351972727275,0.3075621975889355,0.1279938,11,0.0,0.6363636363636364,0.36363636363636365,1,57005.42578125,57229.828125,0.003928780734843055,1
2021-12-01,0.003928780734843055,-0.00032545746800819917,0.016728435556800727,56421.400111607145,0.0143283933364593,57041.28404017857,0.003305396924245585,60495.66953125,-0.05398471380770453,0.03525585777884978,0.0338896975769645,45.97162832882097,0.004075358660738271,34387162688.71429,-0.14549315,0.0,-0.14549315,1,0.0,1.0,0.0,1,57229.828125,56477.81640625,-0.013227302108743101,0
2021-12-02,-0.013227302108743101,-0.023254443794975207,-0.014010704712722722,56307.5625,0.0030236419175488916,57008.11830357143,-0.009302217177166616,60270.71666666667,-0.06293106288073014,0.03497161820374637,0.03024394544375231,44.172944880642014,-0.12149880328377083,34115155894.142857,-0.8924494,0.0,-0.8924494,1,1.0,0.0,0.0,1,56477.81640625,53598.24609375,-0.05233158566534184,0
2021-12-03,-0.05233158566534184,-0.06163010703924199,0.0005315106432173813,56311.631138392855,-0.048185161569452184,56685.166015625,-0.05445727937048128,59958.32330729167,-0.1060749677896381,0.03063923560707641,0.032518697327858594,38.03605804037828,0.22881941612882017,33826353893.285713,-0.41454142499999996,0.738785610460977,-0.41454142499999996,2,0.5,0.5,0.0,1,53598.24609375,49200.703125,-0.08560843085516442,0
2021-12-04,-0.08560843085516442,-0.15116731862924948,-0.1080573898193696,55509.57756696428,-0.11365380027173755,55935.41657366072,-0.12040159636233061,59549.9390625,-0.17379087368398605,0.04235811864058612,0.03737130714428001,30.961744928111045,0.542774897722162,38229899572.57143,0.0,0.0,0.0,0,0.0,0.0,0.0,0,49200.703125,49368.84765625,0.003411696472447897,1
2021-12-05,0.003411696472447897,-0.13452832004805845,-0.14808107962480987,54383.91908482143,-0.09221607256272812,55266.728794642855,-0.10671666782211564,59158.04479166667,-0.16547533255858426,0.03517990180217221,0.037640528600487444,31.486458781252296,-0.3940247514611982,39527230258.85714,0.0,0.0,0.0,0,0.0,0.0,0.0,0,49368.84765625,50582.625,0.024288526851428814,1
2021-12-06,0.024288526851428814,-0.05790820753128781,-0.13349423699160493,53351.927455357145,-0.0519063244280048,54859.10993303572,-0.07795396130662435,58793.21627604167,-0.13965201763230461,0.03765704717026692,0.037767997916869585,35.308712252405996,0.013686329556542365,40289582779.57143,0.25913485999999997,0.5509971766162611,0.25913485999999997,2,0.0,0.5,0.5,1,50582.625,50700.0859375,0.002319467736866812,1
2021-12-07,0.002319467736866812,0.03001969106074336,-0.11721884683366303,52451.16462053572,-0.03338493426607603,54368.46791294643,-0.06747260160650759,58372.31953125,-0.13143616110102707,0.03851807641292711,0.036905838089620745,35.68265943591409,-0.10688891259203948,39856471384.42857,0.26932037,0.0,0.26932037,1,0.0,0.0,1.0,1,50700.0859375,50504.796875,-0.0038592862213869153,0
2021-12-08,-0.0038592862213869153,0.022748708366908524,-0.125006913789893,51490.44587053572,-0.01914236668320901,53955.92299107143,-0.06396195125125592,57803.58515625,-0.1262687817982311,0.037929355952707106,0.036715739020689586,35.317132783074456,-0.15432324668588282,38659543404.28571,-0.42288487750000003,0.5389471487438883,-0.440447235,4,0.5,0.5,0.0,1,50504.796875,47672.12109375,-0.057721555808476536,0
2021-12-09,-0.057721555808476536,-0.059261374292996584,-0.16950116748962635,50232.48939732143,-0.050970364684095326,53270.02594866072,-0.10508545387805379,57160.26158854167,-0.16599190121085206,0.040654324407571246,0.038211635254936475,30.445364295885668,0.039462418033272106,38262916056.42857,0.07398687132,0.6006329360337958,0.155645442,10,0.3,0.4,0.3,1,47672.12109375,47243.3046875,-0.009035819421615396,0
2021-12-10,-0.009035819421615396,-0.0706166614514788,-0.12620540124589977,49324.640625,-0.042196677180554754,52818.13588169643,-0.10554767034344215,56568.53072916667,-0.16484829854098704,0.038920160219907934,0.03493791524678413,29.77575240840153,0.04602240666553148,37002469043.14286,-0.16414033641111114,0.6108484148385738,0.00918884,9,0.3333333333333333,0.5555555555555556,0.1111111111111111,1,47243.3046875,49362.5078125,0.04388024071672512,1
2021-12-11,0.04388024071672512,-0.022877134513366624,0.0032832703259897344,49347.755580357145,0.0002989443383869528,52428.66657366072,-0.058482486043257564,56048.948958333334,-0.11929645907908137,0.03151509112712572,0.036805046388448996,37.134444234565876,-0.1676075373801651,31915353584.857143,0.0076484196,0.0,0.0076484196,1,0.0,1.0,0.0,1,49362.5078125,50098.3359375,0.014796607838164322,1
2021-12-12,0.014796607838164322,0.04964102913327412,0.014668181691706245,49451.96819196428,0.013070617190131362,51917.943638392855,-0.03504776139760801,55580.362109375,-0.09863242994147958,0.03198257133722559,0.03447966372376989,39.50484929168743,-0.14884641224515405,29735499647.42857,0.0,0.0,0.0,0,0.0,0.0,0.0,0,50098.3359375,46737.48046875,-0.06944137030817533,0
2021-12-13,-0.06944137030817533,-0.010764521753285891,-0.07906171546789784,48902.661830357145,-0.044275327365985495,51127.294642857145,-0.08586048224870102,54989.29388020833,-0.1500621817300387,0.0398063062811291,0.03744453025617458,33.32427715460737,0.46617438993903937,28943988186.714287,-0.07167111109090908,0.4719425625827092,0.060960934,11,0.18181818181818182,0.7272727272727273,0.09090909090909091,1,46737.48046875,46612.6328125,-0.002674827620426481,0
2021-12-14,-0.002674827620426481,-0.05731959009043753,-0.08405601082519111,48318.739955357145,-0.03530942951810123,50384.95228794643,-0.0748699622436455,54360.8203125,-0.1425325713530181,0.0395656567443748,0.03759404176269465,33.11700329116675,0.07684621576100481,29081388790.57143,0.1615627563636364,0.4781289801507202,0.07206717,11,0.09090909090909091,0.6363636363636364,0.2727272727272727,1,46612.6328125,48896.72265625,0.04783877809998121,1
2021-12-15,0.04783877809998121,-0.024277419828620545,-0.032357946503822926,48089.01506696428,0.01679609341470134,49789.73046875,-0.017935582379994708,53872.11536458333,-0.09235562172864409,0.04569111838916159,0.04092302046478213,40.41851221756883,0.05494472619302071,30233121515.42857,-0.008609108500000002,0.11967429407916766,0.0350923675,6,0.0,1.0,0.0,1,48896.72265625,47665.42578125,-0.025504064198459072,0
2021-12-16,-0.025504064198459072,0.019659886281095645,-0.00014045489380563813,48088.05859375,-0.00878872686606924,49160.27399553572,-0.030407646109162578,53455.58802083333,-0.10831724902786077,0.0408132391450849,0.04110002512667074,38.00958174432609,-0.2537825267261694,29899489186.285713,0.24465794222222226,0.5588480880107675,0.2111069,9,0.1111111111111111,0.5555555555555556,0.3333333333333333,1,47665.42578125,46202.14453125,-0.031180093256039692,0
2021-12-17,-0.031180093256039692,-0.008845379354517572,-0.022284728728229945,47939.32142857143,-0.03623699388214707,48631.98102678572,-0.04996375726905722,52983.39244791667,-0.1279881790002918,0.04245376657037989,0.039878662410691754,35.3157982749935,0.20663573386225176,30176163501.57143,-0.08189682211111111,0.5912283772594714,0.027333595,9,0.3333333333333333,0.4444444444444444,0.2222222222222222,1,46202.14453125,46848.77734375,0.01389869565630835,1
2021-12-18,0.01389869565630835,-0.04278546179819051,-0.05226627378864683,47580.217075892855,-0.015372769968160727,48463.986328125,-0.033328025751725,52646.94713541667,-0.1101330676734743,0.03821501503098727,0.03390250830514145,37.42625454701236,-0.20680452974522046,30222223991.42857,0.10074576300000002,0.298729332853439,0.10074576300000002,2,0.0,1.0,0.0,1,46848.77734375,46707.015625,-0.0030305301841360094,0
2021-12-19,-0.0030305301841360094,-0.02031192778386744,-0.07009341181094722,47095.74274553572,-0.008253975792165802,48273.85546875,-0.032457317289775856,52266.52838541667,-0.10636851025230665,0.0370606511470419,0.0338451688963203,37.140161150305964,-0.036180099603289384,30681485457.42857,0.0,0.0,0.0,0,0.0,0.0,0.0,0,46707.015625,46880.27734375,0.003702680378992096,1
2021-12-20,0.003702680378992096,0.014570845851164232,0.003050638876220277,47116.142299107145,-0.005006032833923535,48009.402064732145,-0.023518824905582436,51839.29778645833,-0.0956614123736017,0.026245942892062796,0.03295912619628628,37.76632108201815,0.23089114383287357,30509367507.857143,-0.022217577199999995,0.6418379310585265,0.051401984,5,0.2,0.6,0.2,1,46880.27734375,48936.61328125,0.042928792887466996,1
2021-12-21,0.042928792887466996,0.043600943082323124,0.048654259384113774,47448.13950892857,0.031370540293604865,47883.439732142855,0.02199452576921246,51512.835677083334,-0.05001127120981663,0.030637603374149953,0.035390812296069475,44.794897360638096,-0.12615821162167595,29426108200.57143,0.131962088,0.2931691245163601,0.12330471,5,0.0,0.8,0.2,1,48936.61328125,48628.51171875,-0.006315834406489169,0
2021-12-22,-0.006315834406489169,0.04031563885996982,-0.005500353122356786,47409.82366071428,0.02570539107584935,47749.41936383928,0.01841053496823153,51257.47643229167,-0.05128939028074053,0.024890333604823546,0.03540400415654536,43.99319727069655,-0.09638687417826708,27698415491.857143,0.173596708125,0.4921068626325058,0.24389107,8,0.125,0.625,0.25,1,48628.51171875,50784.5390625,0.043381939329586325,1
2021-12-23,0.043381939329586325,0.07999489781056417,0.0633856504056887,47855.41127232143,0.06120786996292549,47971.73493303572,0.05863461334868769,51031.32526041667,-0.004835974700976298,0.027015633254042538,0.03358301344425965,50.64932342476416,0.15444624124818462,27834947943.42857,0.2236089255555556,0.2727936212593438,0.16987534,9,0.1111111111111111,0.7777777777777778,0.1111111111111111,1,50784.5390625,50822.1953125,0.0007412156675569818,1
2021-12-24,0.0007412156675569818,0.03780732059065429,0.0953069593292856,48515.41852678572,0.047547292299265465,48227.36997767857,0.053803998352437876,50849.38424479167,-0.0005346954087148692,0.021149270482826974,0.03338053784895274,50.75939410224571,-0.136620696321213,26615688929.0,0.2979912942857143,0.5090335665310316,0.17894047,7,0.14285714285714285,0.42857142857142855,0.42857142857142855,1,50822.1953125,50429.859375,-0.0077497271989944395,0
2021-12-25,-0.0077497271989944395,0.036373427798149026,0.07365853647398288,49027.001674107145,0.02861398113264091,48303.609375,0.04401844970824187,50621.22356770833,-0.003780315433355219,0.0226317713772521,0.031584019432293456,49.520124041002624,-0.219028255849806,25606025818.142857,-0.008521017,0.0,-0.008521017,1,0.0,1.0,0.0,1,50429.859375,50809.515625,0.007500204929835927,1
2021-12-26,0.007500204929835927,0.0004916933983987505,0.08418927158795494,49613.07310267857,0.02411546891774452,48354.407924107145,0.05077319330941199,50529.215234375,0.005547293567193856,0.021919499064900545,0.03140793941618501,50.772611741883956,0.10161092338557087,25007499970.285713,0.0,0.0,0.0,0,0.0,0.0,0.0,0,50809.515625,50640.41796875,-0.003333620966693561,0
2021-12-27,-0.003333620966693561,-0.003583143235851997,0.07715297024226926,50150.236049107145,0.009774269440384398,48633.189174107145,0.04127281859836418,50390.059895833336,0.004968401971226166,0.022518025260935576,0.024127372380001375,50.17546874005328,0.16027060975589524,24059277631.57143,0.45932512555555555,0.4443997358593824,0.33874285,9,0.0,0.4444444444444444,0.5555555555555556,1,50640.41796875,47588.85546875,-0.062151426511976506,0
2021-12-28,-0.062151426511976506,-0.057984842548834084,-0.02792724915717419,49957.69921875,-0.04741699051486603,48702.91936383928,-0.022874684097817122,50068.07317708333,-0.049516938659986076,0.031094579558255755,0.03019439939675886,40.84056316141385,0.3743587274903428,24969930910.857143,-0.28378877757142856,0.5395848094590181,0.052996714,7,0.42857142857142855,0.5714285714285714,0.0,1,47588.85546875,46444.7109375,-0.024336011956341844,0
2021-12-29,-0.024336011956341844,-0.08982105943501191,-0.04594742670702684,49645.72767857143,-0.06447718445776918,48527.775669642855,-0.04292520527467614,49689.34466145833,-0.0652983802878575,0.032050513736432966,0.02773145884207595,37.98694315482248,-0.10114006778426066,25770109016.57143,-0.270839777875,0.5474766304432408,-0.0941363065,8,0.375,0.5,0.125,1,46444.7109375,47178.125,0.01566773871313257,1
2021-12-30,0.01566773871313257,-0.0708196997551858,-0.07366162732348065,49130.525669642855,-0.03973905516034848,48492.968470982145,-0.02711410566191541,49361.76796875,-0.044237535619316204,0.025991489636524506,0.02741978532058887,40.840471245178065,-0.1119075495501829,25550482289.42857,-0.13122229142857142,0.7266895883573787,0.03988675,7,0.42857142857142855,0.2857142857142857,0.2857142857142857,1,47178.125,46306.4453125,-0.018649172756865187,0
2021-12-31,-0.018649172756865187,-0.02731744600007445,-0.09305201574790291,48485.41852678572,-0.04494079417055963,48500.41852678572,-0.04523617075745512,48997.65520833333,-0.054925279268784655,0.025621544979723583,0.02653988715504382,38.568888742788204,0.38550146495696924,27351376599.714287,0.24073811833333333,0.6389620346480157,0.15693867,6,0.16666666666666666,0.5,0.3333333333333333,1,46306.4453125,47686.8125,0.02937373314776973,1
2022-01-01,0.02937373314776973,0.02639229910403706,-0.05592855540113875,48093.5546875,-0.008457311798699685,48560.27818080357,-0.017987246233462928,48704.621744791664,-0.020897590584419312,0.03036345298347549,0.027462288629468163,43.89109776285228,-0.335139493101947,28144521755.42857,-0.25796611888,0.29458612635971987,-0.23313374,4,0.25,0.75,0.0,1,47686.8125,47345.21875,-0.007189054400021723,0
2022-01-02,-0.007189054400021723,0.0035355059908829573,-0.07061781473099639,47598.65513392857,-0.005324444214137469,48605.86411830357,-0.02593607563966438,48496.1875,-0.02373318005667968,0.02961281221808271,0.02753473463306394,42.90057014005924,0.13704381800607002,29142692701.285713,0.0,0.0,0.0,0,0.0,0.0,0.0,0,47345.21875,46458.1171875,-0.018914636695763702,0
2022-01-03,-0.018914636695763702,0.003270042051984343,-0.08619883046006653,47001.18359375,-0.01155431341780544,48575.70982142857,-0.04359365291239492,48404.76796875,-0.040216095705835286,0.0296060538155564,0.02802123616430277,40.35361825400256,0.18317607554705373,30392304501.857143,0.1183721132,0.30491829812712556,0.0544947815,10,0.0,0.9,0.1,1,46458.1171875,45897.57421875,-0.012138934663861074,0
2022-01-04,-0.012138934663861074,-0.038242625759646445,-0.03618633861195113,46759.571986607145,-0.01843468045652852,48358.63560267857,-0.05089186974068094,48289.058854166666,-0.049524357942841046,0.020075119899948948,0.02515210990848114,38.78665000444641,0.28492850245702694,31687204647.857143,-0.018125439090909093,0.6547955674685164,0.05068326,11,0.36363636363636365,0.36363636363636365,0.2727272727272727,1,45897.57421875,43569.00390625,-0.05206628845481275,0
2022-01-05,-0.05206628845481275,-0.08311985981443751,-0.06391661511042203,46348.75669642857,-0.05997470025755336,47997.2421875,-0.0922602649533738,48055.271484375,-0.09335640897552089,0.026268374186777996,0.028184339861061034,33.045992401834496,-0.13280705547684513,32658898727.857143,-0.11280795916666667,0.5979920692055151,0.032795392,9,0.3333333333333333,0.5555555555555556,0.1111111111111111,1,43569.00390625,43160.9296875,-0.009410297303589778,0
2022-01-06,-0.009410297303589778,-0.07361552042226348,-0.08899465112714425,45774.87165178572,-0.05710429914845527,47452.69866071428,-0.09044309584793764,47803.96627604167,-0.09712659744027685,0.02392844971006616,0.024028128399695932,32.148009744099824,-0.18026705578458968,33161978338.0,0.17466020454285713,0.5882917618028222,0.1299239375,14,0.21428571428571427,0.35714285714285715,0.42857142857142855,1,43160.9296875,41557.90234375,-0.037847988650375176,0
2022-01-07,-0.037847988650375176,-0.09932457440877773,-0.10819346702065431,45096.50837053572,-0.07846740589561263,46790.96344866072,-0.11183913985127614,47505.73645833333,-0.12520243991586366,0.025752920064657275,0.024705083129474736,28.83340642850264,1.7872243421518719,39908040498.0,-0.2332906150909091,0.7498799098872769,-0.45942253,11,0.5454545454545454,0.18181818181818182,0.2727272727272727,1,41557.90234375,41733.94140625,0.004227048332596754,1
2022-01-08,0.004227048332596754,-0.043031237621368325,-0.13334015183582743,44246.09821428572,-0.056776911624370485,46169.826450892855,-0.09607757675591333,47307.797135416666,-0.11782107954026533,0.01943642496173612,0.025155398588419833,29.690726281715357,-0.6666569274975462,40405710332.42857,-0.073507495,0.0,-0.073507495,1,0.0,1.0,0.0,1,41733.94140625,41911.6015625,0.004247935206112907,1
2022-01-09,0.004247935206112907,-0.029373005111665646,-0.12190316222969279,43469.8671875,-0.035847029812138165,45534.26116071428,-0.07955898494603919,47130.07369791667,-0.11072488808026937,0.021016029100687186,0.024960620138872434,30.59937446650339,-0.2412843160116357,39454683878.85714,0.0,0.0,0.0,0,0.0,0.0,0.0,0,41911.6015625,41821.26171875,-0.002157811766201214,0
2022-01-10,-0.002157811766201214,0.006317171772508396,-0.10514633730013027,42807.459263392855,-0.023037983604091372,44904.32142857143,-0.06865841887234836,46878.698828125,-0.10788347876116344,0.021757956142373303,0.025000316763860525,30.384340559675096,0.5076384350990619,39316484445.85714,-0.05591922561538462,0.6506149342400757,0.041006383,13,0.3076923076923077,0.46153846153846156,0.23076923076923078,1,41821.26171875,42735.85546875,0.021633410637439378,1
2022-01-11,0.021633410637439378,0.023723534077351144,-0.07137399199882995,42355.78515625,0.008973279827015901,44557.67857142857,-0.04088684960905409,46633.2828125,-0.08357608790743976,0.025860994756651937,0.022393765813469826,35.33853994717035,-0.17993214637380084,37006908873.71429,0.15749436858333332,0.4251417354792958,0.15139102000000002,12,0.08333333333333333,0.6666666666666666,0.25,1,42735.85546875,43949.1015625,0.027993907251911834,1
2022-01-12,0.027993907251911834,0.047469506123149936,0.008686203707894472,42410.08482142857,0.036288933341010576,44379.42075892857,-0.009696368025308155,46540.33684895833,-0.05567719234323354,0.02161202478291413,0.023727871762138905,41.30570170202491,0.2724242417635705,36528173706.57143,0.2667148360869565,0.4538824556412062,0.12824695,23,0.043478260869565216,0.5652173913043478,0.391304347826087,1,43949.1015625,42591.5703125,-0.03137582795207003,0
2022-01-13,-0.03137582795207003,0.018251489937281113,-0.013279326940585687,42328.747767857145,0.006209079136577644,44051.80970982143,-0.03314822721110289,46406.301432291664,-0.0822028690512534,0.024778867551825436,0.024065398632220195,37.17213091488988,0.42361857807398917,39025757534.14286,0.36857083090909093,0.43279249104900935,0.368819285,22,0.045454545454545456,0.5,0.45454545454545453,1,42591.5703125,43099.69921875,0.011859664695822615,1
2022-01-14,0.011859664695822615,0.008477743995664217,0.036428326405612034,42549.00446428572,0.012942600218214695,43822.75641741072,-0.016499582814317182,46213.06731770833,-0.06736986483832297,0.019268938125503406,0.024338938195762876,39.608267386555,-0.5056229347768494,30365871231.142857,0.05038454822820513,0.5037581309262215,0.080325864,39,0.20512820512820512,0.5128205128205128,0.28205128205128205,1,43099.69921875,43177.3984375,0.0018011556222094572,1
2022-01-15,0.0018011556222094572,-0.01771500763403798,0.03400243369522485,42755.212611607145,0.009874487813404942,43500.65541294643,-0.007431082873988637,46063.46640625,-0.06265416378560718,0.019311206990248235,0.022368310186873387,39.99143602126509,-0.2208069740716574,28980870153.0,0.160070526,0.250650261908406,0.12489867,5,0.0,0.8,0.2,1,43177.3984375,43113.87890625,-0.0014722123644015362,0
2022-01-16,-0.0014722123644015362,0.012188607953630366,0.02828228612471034,42926.966517857145,0.004354195126159199,43198.41685267857,-0.0019569686249585327,45960.52421875,-0.061936745955101236,0.019461738425336397,0.022418597460317925,39.769291487250364,-0.02554251573637001,28496257792.0,0.42687795900000003,0.43098330442417737,0.28562564,5,0.0,0.6,0.4,1,43113.87890625,42250.55078125,-0.02022757169904886,0
2022-01-17,-0.02022757169904886,-0.019898628441241007,0.010212526191862572,42988.29352678572,-0.017161480138215612,42897.87639508928,-0.01508992211822835,45807.25,-0.07764489723242496,0.021511331775808527,0.022476353338247084,36.7789470646489,0.211640359068767,27008639496.285713,0.04689490696875001,0.6854572278023983,0.09104965,32,0.3125,0.34375,0.34375,1,42250.55078125,42375.6328125,0.002956109256612036,1
2022-01-18,0.002956109256612036,-0.018743674806838327,-0.008464775188964645,42936.83314732143,-0.013070370907325213,42646.30915178572,-0.006347005043797149,45662.87057291667,-0.07198929281433253,0.019671560772450317,0.022561457362468725,37.51206400986809,0.03348431016340281,26450005257.285713,0.04514335558536585,0.5267447901261062,0.08627913,41,0.21951219512195122,0.6097560975609756,0.17073170731707318,1,42375.6328125,41744.328125,-0.01500991044287061,0
2022-01-19,-0.01500991044287061,-0.03228137288530744,-0.051468592883747034,42621.865513392855,-0.02058890144348824,42515.97516741072,-0.01814957882001489,45491.672265625,-0.08237428861142604,0.015249402079538345,0.01851447390275635,35.28790332222911,0.03008108744365079,24963091624.285713,0.1638405650510638,0.42758674770747734,0.06733662,47,0.0851063829787234,0.7021276595744681,0.2127659574468085,1,41744.328125,40680.41796875,-0.02581674309560386,0
2022-01-20,-0.02581674309560386,-0.03787054428186232,-0.04590950802728082,42348.84375,-0.039397197975446496,42338.79575892857,-0.039169224359170585,45216.46575520833,-0.10031849483804112,0.013872397838990417,0.019443540048428177,31.85955080232955,-0.11733773216137466,21061791461.142857,0.19380149848891304,0.45739042389396106,0.075716482,46,0.08695652173913043,0.6086956521739131,0.30434782608695654,1,40680.41796875,36457.31640625,-0.10960468291543993,0
2022-01-21,-0.10960468291543993,-0.15043133645391446,-0.1673738556385433,41399.931919642855,-0.11938704447597781,41974.46819196428,-0.13144065960484286,44810.75924479167,-0.18641600765808464,0.03942565130174592,0.033421380749443924,22.510675014474188,1.11028949110856,23838161265.714287,-0.15619767411000002,0.5051121177384894,0.012426821299999998,40,0.325,0.575,0.1,1,36457.31640625,35030.25,-0.039930188839646726,0
2022-01-22,-0.039930188839646726,-0.1753516148506905,-0.2091052001003995,40236.05357142857,-0.12938156477466245,41495.633091517855,-0.15580875889418466,44285.61627604167,-0.20899260424312494,0.038019824640903734,0.034117558821266734,20.338765758658226,-0.07666714491212867,26887166566.714287,-0.10760009010714287,0.4281776199539533,-0.0016169417500000003,14,0.2857142857142857,0.6428571428571429,0.07142857142857142,1,35030.25,36276.8046875,0.034966573781181565,1
2022-01-23,0.034966573781181565,-0.11456829797390528,-0.17266641395481655,39259.32868303572,-0.07596981648910595,41093.14760044643,-0.11720550004531904,43800.769921875,-0.1717770086643472,0.04449880899174169,0.036202138108349186,26.967367827937906,-0.34487275364648184,28046577724.714287,0.07780812777777776,0.34625890994074066,0.010583637,9,0.1111111111111111,0.6666666666666666,0.2222222222222222,1,36276.8046875,36654.328125,0.010352967106698903,1
2022-01-24,0.010352967106698903,0.005389352048233727,-0.14208587514906867,38459.86830357143,-0.046946083234605473,40724.08091517857,-0.09993479775897662,43341.585546875,-0.15429194242657707,0.04646492470244224,0.0365714594277008,28.897024123932823,0.6087592161599811,30927399772.714287,-0.13284543082258066,0.5900441534464442,0.033412464,31,0.3548387096774194,0.4838709677419355,0.16129032258064516,1,36654.328125,36954.00390625,0.008142486826951165,1
2022-01-25,0.008142486826951165,0.0534620277148317,-0.13689949757872952,37685.349888392855,-0.019406639033703432,40311.091517857145,-0.08327950162599818,42879.73515625,-0.13819421291682776,0.046936482309670076,0.035861132239520775,30.46754241150188,-0.36860250005971107,31500396968.0,0.05004920554864865,0.4751797264870977,0.045925222,37,0.16216216216216217,0.6486486486486487,0.1891891891891892,1,36954.00390625,36852.12109375,-0.0027608244495656064,0
2022-01-26,-0.0027608244495656064,0.015734629484084627,-0.12465041158542442,36986.463169642855,-0.0036321957921924275,39804.164341517855,-0.07416418097462019,42420.125260416666,-0.1312585508054196,0.04736067841507338,0.03423449685069768,30.22312700446126,0.1852721853150181,32676547650.285713,0.07136482015238095,0.47549574287465585,0.0596187685,42,0.16666666666666666,0.6190476190476191,0.21428571428571427,1,36852.12109375,37138.234375,0.007733837890785913,1
2022-01-27,0.007733837890785913,0.013115500268171591,-0.0910998305990347,36480.43694196428,0.018031511905468367,39414.640345982145,-0.05775534042680153,42071.771223958334,-0.1172647764862551,0.048106806829959256,0.03417839922635996,31.875901857615048,-0.2005826666372602,33342175177.285713,0.015435358097358489,0.49481663298026324,0.07229695,53,0.22641509433962265,0.6037735849056604,0.16981132075471697,1,37138.234375,37784.33203125,0.017247505090414967,1
2022-01-28,0.017247505090414967,0.02222051853163528,0.03575235740682034,36670.01060267857,0.030387813100060335,39034.97126116072,-0.032038943273287046,41783.09192708333,-0.09570282407083863,0.022995911510696368,0.03446997007073026,35.586338427339825,-0.11191838817818656,30374580676.142857,0.03515384527358491,0.5325952329304147,0.07259709,53,0.24528301886792453,0.5094339622641509,0.24528301886792453,1,37784.33203125,38138.1796875,0.00932135173920975,1
2022-01-29,0.00932135173920975,0.03430269472041071,0.0850038979856767,37114.00055803572,0.02759549264603689,38675.027064732145,-0.013880982586866653,41481.760416666664,-0.08060363628693223,0.011659804223674821,0.03471569316090032,37.591148686038515,-0.2268396012453393,27157408914.714287,-0.023971806349999996,0.4252695073268554,0.004534490299999999,16,0.125,0.8125,0.0625,1,38138.1796875,37917.6015625,-0.005800446457155093,0
2022-01-30,-0.005800446457155093,0.02076841037246957,0.04423687774734012,37348.400111607145,0.015240316832633383,38303.86439732143,-0.010084174035673521,41202.13229166667,-0.07971749388880489,0.007951627641296184,0.034664032582866405,36.82178631250642,-0.1483428796747298,25532490699.42857,0.10775396611111111,0.3539243127428171,0.06822953,18,0.1111111111111111,0.7777777777777778,0.1111111111111111,1,37917.6015625,38483.125,0.014804408066392667,1
2022-01-31,0.014804408066392667,0.018325313348447378,0.048688318707033794,37609.65680803572,0.02322457225341279,38034.76255580357,0.011788227770282544,40895.34270833333,-0.058985144727538574,0.008487872323592138,0.03506677947913803,40.20097395130309,0.41596352443493845,22515072394.857143,-0.0593643803125,0.5887366598274342,0.0340174615,48,0.3125,0.5,0.1875,1,38483.125,38743.2734375,0.006737318502634114,1
2022-02-01,0.006737318502634114,0.0157412801118717,0.04728315038271686,37865.26674107143,0.023187653805069486,37775.308314732145,0.025624281202500487,40608.61119791667,-0.04593453716812568,0.008471721401201808,0.035161068658745895,41.744580443546,-0.021520903671896408,21637973928.285713,0.16966913431578948,0.5070288679397958,0.115783095,57,0.14035087719298245,0.543859649122807,0.3157894736842105,1,38743.2734375,36952.984375,-0.04731073995912287,0
2022-02-02,-0.04731073995912287,-0.025769013390096088,0.002733234873159443,37879.67578125,-0.024464079671682404,37433.06947544643,-0.012825159869973568,40291.7734375,-0.08286527937716814,0.02228460719607133,0.036791374252004946,35.04101590977908,-0.05585976753717603,19899486982.857143,0.06365353273018869,0.44268311448511216,0.056250744,53,0.1320754716981132,0.6792452830188679,0.18867924528301888,1,36952.984375,37154.6015625,0.005441215831991581,1
2022-02-03,0.005441215831991581,-0.0351322056244971,0.0004406128143651777,37882.013950892855,-0.019202051647407514,37181.22544642857,-0.0007160571930834303,40000.341015625,-0.07114287980728451,0.02217527293694668,0.03662133907813492,36.28197391394022,-0.0294256890265564,18978073860.0,0.12317783975686275,0.5921070176384385,0.13919248,51,0.23529411764705882,0.43137254901960786,0.3333333333333333,1,37154.6015625,41500.875,0.11062688345744714,1
2022-02-04,0.11062688345744714,0.06875735933031589,0.09381999118139728,38412.94866071428,0.08038764132793075,37541.47963169643,0.10546721671994619,39931.40338541667,0.039304193730303805,0.04766875147675235,0.036212595892458656,55.85860919845999,0.582021665099036,20002842469.857143,0.13659108509999998,0.5655587414224079,0.11510291,51,0.21568627450980393,0.47058823529411764,0.3137254901960784,1,41500.875,41441.1640625,-0.0014398234837348135,0
2022-02-05,-0.0014398234837348135,0.11462827580570392,0.0830588159584527,38884.80357142857,0.06574189030878297,37999.402064732145,0.0905741093479524,39874.077864583334,0.03930087620430145,0.04799472607921301,0.033554707149533715,55.605843755187195,-0.33181336302861353,20354080061.285713,0.14573976442105263,0.3724325949235295,0.1121197,19,0.05263157894736842,0.7894736842105263,0.15789473684210525,1,41441.1640625,42412.43359375,0.02316687651757865,1
2022-02-06,0.02316687651757865,0.13235393649129099,0.11202613893318634,39526.92243303572,0.07300115928840034,38437.66127232143,0.10340827693101007,39902.562239583334,0.06290000474397783,0.047463535061660095,0.033078385884730825,58.866422009304735,-0.1786381902444455,20568158474.142857,0.075623971,0.5749322107466681,0.04265707,17,0.17647058823529413,0.5882352941176471,0.23529411764705882,1,42412.43359375,43840.28515625,0.033111582709537346,1
2022-02-07,0.033111582709537346,0.05483863574338098,0.1303333135763311,40292.23102678572,0.08805802108862082,38950.94391741072,0.12552561625223646,39972.773697916666,0.09675364255583063,0.04788890635998008,0.03359084588947955,63.15112775428615,0.7743577760290068,21697747825.714287,0.27509598035957444,0.5383329060287366,0.14334776,47,0.10638297872340426,0.46808510638297873,0.425531914893617,1,43840.28515625,44118.4453125,0.006324808965338507,1
2022-02-08,0.006324808965338507,0.06260326819245442,0.12992080403903541,41060.11272321428,0.07448427163125193,39462.689732142855,0.11797866825496617,40046.33515625,0.10168496418865103,0.047906215010719726,0.0336136847307683,63.93918292054254,0.1549321019372829,23525019045.714287,0.19322664725454547,0.46620544938476716,0.12495977,55,0.12727272727272726,0.5636363636363636,0.3090909090909091,1,44118.4453125,44338.796875,0.00498211368199733,1
2022-02-09,0.00498211368199733,0.04441850535687313,0.18221365768015554,42115.228794642855,0.05279724565190991,39997.45228794643,0.10854052792662183,40130.25299479167,0.10487209937985043,0.03921049240203795,0.03340352702996994,64.58531557773603,-0.2972699596881925,24109404457.714287,0.20555212941698112,0.43201755434791406,0.12873697,53,0.09433962264150944,0.6037735849056604,0.3018867924528302,1,44338.796875,43565.11328125,-0.01760339378138894,0
2022-02-10,-0.01760339378138894,-0.006296471134053058,0.15916904806677507,43031.01618303572,0.012411909956819622,40456.51506696428,0.07683801259550682,40157.894921875,0.08484554197882033,0.04208901386126434,0.034394755289525174,60.48722347037384,0.38269828646205295,26045192138.857143,0.05383780037719298,0.5761779699843895,0.05305453,57,0.19298245614035087,0.5614035087719298,0.24561403508771928,1,43565.11328125,42407.9375,-0.026921126055171853,0
2022-02-11,-0.026921126055171853,-0.03954240615456349,0.021621038554156004,43160.59654017857,-0.01743856898451146,40786.77260044643,0.039747319932242675,40106.522786458336,0.05738255409962201,0.021086425352691607,0.035813639559535676,54.87842073798808,-0.1613812122157956,25694151423.0,0.0937951953877551,0.5301208506659891,0.07355242,49,0.1836734693877551,0.5510204081632653,0.2653061224489796,1,42407.9375,42244.46875,-0.00386212183286643,0
2022-02-12,-0.00386212183286643,-0.04838664166942717,0.0191987402050246,43275.35435267857,-0.02382154041483353,41080.07896205357,0.028344390209716908,40094.952734375,0.0536106384727606,0.02119273571123802,0.035956221447038486,54.115034120898855,-0.3265650051689155,25479800578.57143,-0.0063100286692307625,0.4980824300062871,0.034129149,26,0.23076923076923078,0.6153846153846154,0.15384615384615385,1,42244.46875,42197.515625,-0.001112080209543203,0
2022-02-13,-0.001112080209543203,-0.0318953280975815,-0.005080216522097357,43244.65178571428,-0.02421423499726738,41385.787109375,0.019613702488725293,40064.87994791667,0.05322955366035553,0.019184602506610294,0.03584644707319976,53.883182243147935,-0.18789819036936461,25279727961.57143,0.28464168676470586,0.48325808984313123,0.16194053,17,0.058823529411764705,0.6470588235294118,0.29411764705882354,1,42197.515625,42586.91796875,0.009185768314632001,1
2022-02-14,0.009185768314632001,0.0042115662722224485,-0.02900603091700253,43065.599330357145,-0.011115167768481982,41678.91517857143,0.021785662757494384,40045.197265625,0.0634712993487192,0.013415099577651694,0.035791463745506916,55.5828427482928,0.41285874886398743,24163431831.0,0.03420529848541667,0.5011491523642411,0.05987664499999999,48,0.1875,0.5833333333333334,0.22916666666666666,1,42586.91796875,44575.203125,0.045630604487240684,1
2022-02-15,0.045630604487240684,0.053704292592329436,0.01029976460489962,43130.85044642857,0.03348769299982646,42095.48158482143,0.05890707142005236,40093.90807291667,0.11176997373100761,0.023191147911532112,0.03723015102379735,63.06756352423806,0.09093027509979512,22683754714.285713,0.04667132471698113,0.47132478941784217,0.033862725,53,0.18867924528301888,0.5849056603773585,0.22641509433962265,1,44575.203125,43961.859375,-0.01385529504989858,0
2022-02-16,-0.01385529504989858,0.04096107775197428,-0.008537644126996223,43077.002232142855,0.020541288785339118,42596.115513392855,0.03206263869713033,40150.95169270833,0.094914504429636,0.023800790470078555,0.03421947968946617,59.72418875957072,-0.1289127430098942,22190420479.57143,0.118127052,0.4743321235937091,0.0736974825,56,0.125,0.625,0.25,1,43961.859375,40538.01171875,-0.08108233071910446,0
2022-02-17,-0.08108233071910446,-0.04930702128176238,-0.07201658106471176,42644.55915178572,-0.0493978006792809,42837.78766741072,-0.0536856843895861,40089.69765625,0.011182774845150512,0.038585038405773486,0.042407700572646076,45.290400254845686,0.32608814528822827,21348222519.0,0.04003369593137254,0.4939427633192006,0.025580358,51,0.19607843137254902,0.5490196078431373,0.2549019607843137,1,40538.01171875,40030.9765625,-0.012586526423760572,0
2022-02-18,-0.012586526423760572,-0.10752415219276355,-0.05768198143330049,42304.99330357143,-0.05375291575520602,42732.794921875,-0.0632258752163185,40032.5859375,-4.0201624809110825e-05,0.03792998255874839,0.030062930836583443,43.6095836038197,-0.11188679985424554,20827519936.57143,0.04459420906773584,0.48679514254709855,0.057748683,53,0.18867924528301888,0.5849056603773585,0.22641509433962265,1,40030.9765625,40122.15625,0.002275138191892225,1
2022-02-19,0.002275138191892225,-0.0913937189509728,-0.05154472140854177,42001.80580357143,-0.04475163668823978,42638.580078125,-0.05901753349933925,40013.977213541664,0.0027035312156304947,0.03811851343359529,0.030090111814477447,44.01197992570895,-0.4107012731427453,20196686730.714287,0.009194536429411771,0.44821244078973155,0.038978655,17,0.17647058823529413,0.6470588235294118,0.17647058823529413,1,40122.15625,38431.37890625,-0.043054421746525254,0
2022-02-20,-0.043054421746525254,-0.053365809978393575,-0.0934870629455239,41463.78627232143,-0.07313387509176095,42354.219029017855,-0.09261981952920029,40079.779296875,-0.04112798073100976,0.0402110615324855,0.03096914094145752,38.52244504638872,0.33516537657524226,20710827793.142857,0.0028188145472222217,0.30708382596419054,0.015860113000000002,18,0.05555555555555555,0.8888888888888888,0.05555555555555555,1,38431.37890625,37075.28125,-0.03592381094835431,0
2022-02-21,-0.03592381094835431,-0.07670309450298743,-0.13859664220851028,40676.40959821428,-0.08853112611916403,41871.00446428572,-0.11453566198480569,40147.947005208334,-0.07653357106428682,0.03960664699002395,0.029547579270028185,34.77588994325197,0.5964821430030371,21918344905.42857,-0.10021163653488373,0.5340353396122567,0.016689584,43,0.27906976744186046,0.6046511627906976,0.11627906976744186,1,37075.28125,38286.02734375,0.03213453434150656,1
2022-02-22,0.03213453434150656,-0.04684369835337301,-0.15209271235424435,39777.95591517857,-0.0375064162323957,41454.40318080357,-0.07643038118857204,40214.92109375,-0.04796462848959271,0.03606046578938924,0.031516521523100145,40.353522208848396,-0.12934427077822475,22314272248.142857,-0.01812100424000001,0.5867425059019715,0.064173865,50,0.3,0.48,0.22,1,38286.02734375,37296.5703125,-0.026183634615420347,0
2022-02-23,-0.026183634615420347,-0.029972911222268042,-0.16442105191976608,38825.771763392855,-0.039386247367133476,40951.386997767855,-0.08924768983934706,40236.32916666667,-0.07306230252739054,0.03591266111327494,0.03146777286254601,37.52904681541586,-0.14294336096855376,22608061703.285713,0.030152128671428562,0.4918752834808947,0.091081438,56,0.17857142857142858,0.6428571428571429,0.17857142857142858,1,37296.5703125,38332.609375,0.027399579951549815,1
2022-02-24,0.027399579951549815,0.033350479677636206,-0.05593914124911179,38510.71428571428,-0.00462481452286001,40577.63671875,-0.055326715040371566,40282.28268229167,-0.0484002687402012,0.02980414271437034,0.0331442254144517,42.098946708999044,1.1229184553220972,25484795886.142857,-0.11510191909259258,0.5091796481341612,0.0297151155,54,0.37037037037037035,0.5,0.12962962962962962,1,38332.609375,39214.21875,0.022738450595305906,1
2022-02-25,0.022738450595305906,0.023954395931435415,-0.020614164230045338,38394.03459821428,0.021362280895164565,40349.513950892855,-0.02813652730178018,40361.019270833334,-0.028413566890815978,0.031818910945049676,0.0337466859101909,45.7365921941,-0.4276967829033118,25947023236.857143,0.12584730317391304,0.5389087449718509,0.086277795,46,0.17391304347826086,0.5,0.32608695652173914,1,39214.21875,39105.1484375,-0.0027852723260769346,0
2022-02-26,-0.0027852723260769346,0.04735275822077884,-0.025674574748014545,38248.747767857145,0.02239029300620765,40125.27678571428,-0.025423584082975736,40426.58307291667,-0.032687269983545764,0.03173792996370259,0.033752160266944074,45.356934120769004,-0.3419792853657322,26480022703.42857,-0.14094177097058824,0.458611519597808,0.010605099,17,0.35294117647058826,0.5882352941176471,0.058823529411764705,1,39105.1484375,37709.78515625,-0.036334517924426976,0
2022-02-27,-0.036334517924426976,-0.016381339655198113,-0.018954670925916288,38145.66294642857,-0.011426667057555573,39804.724609375,-0.05263042198341428,40424.09817708333,-0.067145914027393,0.030422400228046594,0.0346981518886962,40.70203400735092,0.3424963471598812,27209958583.42857,-0.24486482126666667,0.5620614175260277,-0.05813273,15,0.4666666666666667,0.4,0.13333333333333333,1,37709.78515625,43193.234375,0.13576425730332167,1
2022-02-28,0.13576425730332167,0.09664446705281779,0.1527333973257598,39019.65625,0.10696091473127733,39848.032924107145,0.0839489732721308,40592.6,0.06406671105078265,0.05688200501380784,0.051804265293359734,58.65801736752417,0.5219539396338531,28125617341.42857,0.11216545125714285,0.5294614796198928,0.0699543,49,0.1836734693877551,0.5306122448979592,0.2857142857142857,1,43193.234375,44354.63671875,0.026533380332524757,1
2022-03-01,0.026533380332524757,0.12596311971141946,0.14713224331677804,39886.60044642857,0.11201847794279729,39832.27818080357,0.11353502095508805,40807.16783854167,0.08693249416975735,0.05675195868684719,0.05078025827500106,61.32898442009806,-0.08996820370099345,29123602655.0,0.13502091955,0.5647261631020492,0.119233755,46,0.21739130434782608,0.4782608695652174,0.30434782608695654,1,44354.63671875,43924.1171875,-0.009753715935407227,0
2022-03-02,-0.009753715935407227,0.15254392170043926,0.16356216199679102,40833.392857142855,0.07569109775350191,39829.582310267855,0.10280135114991129,40988.53424479167,0.07161961257693306,0.05477989381277154,0.05070815506180821,59.787003977604684,-0.10147880723058678,30171322481.714287,0.06578520786862745,0.49804436349073783,0.023714706,51,0.19607843137254902,0.5686274509803921,0.23529411764705882,1,43924.1171875,42451.7890625,-0.03409447865241336,0
2022-03-03,-0.03409447865241336,-0.01731481425529578,0.10206810339282776,41421.84709821428,0.024864703928910936,39966.28069196428,0.062190134470918146,41112.15143229167,0.03258495562837682,0.05880794057496526,0.046296096503047376,54.7199533483949,-0.14444415475635985,27111891124.57143,0.058010470568965515,0.5054623414088345,0.080720545,58,0.1724137931034483,0.5689655172413793,0.25862068965517243,1,42451.7890625,39137.60546875,-0.0812852755652355,0
2022-03-04,-0.0812852755652355,-0.12513347015305612,-0.001955622767713533,41410.90234375,-0.0548960961084467,39902.468470982145,-0.019168312927516418,41184.97213541667,-0.049711498163332535,0.06871223434134743,0.051461526090146356,45.39381640999435,0.1421227063629935,27393415734.285713,0.18019130329787236,0.49898162359723974,0.16844071,47,0.1276595744680851,0.48936170212765956,0.3829787234042553,1,39137.60546875,39400.5859375,0.0066969062286334315,1
2022-03-05,0.0066969062286334315,-0.10868284798901542,0.007526555786996746,41453.107700892855,-0.049514303685092464,39850.927734375,-0.011300660297715925,41259.83828125,-0.0450620366244846,0.06874805613177416,0.051500773192328556,46.177697090754215,-0.40469365030918003,27323181923.0,-0.06614002779411765,0.539524501258316,0.021030642,17,0.29411764705882354,0.5294117647058824,0.17647058823529413,1,39400.5859375,38419.984375,-0.025202937052357023,0
2022-03-06,-0.025202937052357023,-0.09979130638895917,0.018658136659066796,41554.564732142855,-0.07543287668510279,39850.11383928572,-0.035887713396588694,41157.141927083336,-0.06650504442054461,0.06786152886594322,0.05060047801373468,43.66086500976352,0.16313182837726403,26793910821.57143,-0.19346666307142857,0.49075278721346005,0.010449466499999999,14,0.42857142857142855,0.5,0.07142857142857142,1,38419.984375,38062.0390625,-0.0093603152707349,0
2022-03-07,-0.0093603152707349,-0.027866346094458618,-0.12646643591499,40821.536830357145,-0.06759906613327282,39920.59654017857,-0.046556355334219646,41044.50442708333,-0.07266418260407459,0.03428243977726642,0.049639568655390987,42.74503178116624,0.44572353143928467,25773357878.57143,0.1827311805888889,0.5402593920961455,0.13049224,45,0.15555555555555556,0.4888888888888889,0.35555555555555557,1,38062.0390625,38737.26953125,0.01758473821596099,1
2022-03-08,0.01758473821596099,-0.01697851410713098,-0.13541507803155364,40019.05580357143,-0.03202939816003947,39952.828125,-0.030424844768107362,40921.99895833333,-0.05338765169579851,0.03246057451739121,0.04910678992664347,45.08512984313223,-0.0970204618605991,24815862997.285713,0.13588943651914892,0.5358098920784914,0.11514473,47,0.19148936170212766,0.5106382978723404,0.2978723404255319,1,38737.26953125,41982.92578125,0.08046083301385845,1
2022-03-09,0.08046083301385845,0.08868525595908443,-0.04520052908228807,39741.74274553572,0.056393677802819564,40287.56780133928,0.04208141797664844,40860.08697916667,0.02748008839667504,0.0500477781172968,0.05273058610919939,54.67465624929545,0.2524592742889693,25258864197.857143,0.2176017003265306,0.4572035937074708,0.0964538,49,0.10204081632653061,0.6122448979591837,0.2857142857142857,1,41982.92578125,39437.4609375,-0.06254685680053026,0
2022-03-10,-0.06254685680053026,0.03549871442928922,-0.07365290723040502,39311.12444196428,0.0032137593958225796,40366.48577008928,-0.02301475629760341,40704.05416666667,-0.03111712715348891,0.05368932495678362,0.05564383118209386,47.64726067504976,-0.037357570358810266,26131761643.285713,0.12548516554642858,0.5123445582605609,0.0785187225,56,0.17857142857142858,0.4642857142857143,0.35714285714285715,1,39437.4609375,38794.97265625,-0.016425482290646415,0
2022-03-11,-0.016425482290646415,0.0014884939226815742,-0.008793113955815996,39262.17689732143,-0.011899601040799679,40336.53962053572,-0.03821763043602511,40519.260026041666,-0.042554759605270887,0.044199700172715475,0.05550692766103973,46.03878325831033,-0.1516559763237697,25824421505.857143,-0.07494624531481481,0.5176216438778519,0.0343853915,54,0.2777777777777778,0.6111111111111112,0.1111111111111111,1,38794.97265625,38904.01171875,0.002806706804667275,1
2022-03-12,0.002806706804667275,-0.0761656322865094,-0.01268331337978192,39191.23772321428,-0.007328832186745404,40322.17271205357,-0.03517074844728396,40363.889973958336,-0.036167927723274707,0.044107396682942196,0.05551141267627388,46.369677356834906,-0.44560927812676954,25487354821.142857,0.017686242999999997,0.5982014987460685,0.040584978,15,0.26666666666666666,0.4666666666666667,0.26666666666666666,1,38904.01171875,37849.6640625,-0.027475269974984843,0
2022-03-13,-0.027475269974984843,-0.04109404546096381,-0.014955646302409652,39109.763392857145,-0.032219559031832046,40332.1640625,-0.061551371162555046,40211.947526041666,-0.05874581085663222,0.04431610870752715,0.05511898578236009,43.58647100463959,0.18364887043999678,25138142736.57143,0.059246311,0.34541010702680025,0.055167638,13,0.07692307692307693,0.8461538461538461,0.07692307692307693,1,37849.6640625,39666.75390625,0.04689129940953424,1
2022-03-14,0.04689129940953424,0.022222736239216903,0.04129596837785942,39339.00837053572,0.008331311573165134,40080.27260044643,-0.010317262517616221,40126.023697916666,-0.011445684105761744,0.04775460540780984,0.041828431464108744,49.2410609462421,0.40584458265746237,24534716389.0,-0.011303806180434781,0.3954251515665968,0.021505357,46,0.15217391304347827,0.7608695652173914,0.08695652173913043,1,39666.75390625,39338.78515625,-0.00830247189817811,0
2022-03-15,-0.00830247189817811,0.011113557536371266,0.01540875826372025,39424.939174107145,-0.0021852669823198,39721.99748883928,-0.009647358058893052,40030.732682291666,-0.017285407477634296,0.047701198324032495,0.04076141113314225,48.30002555804946,-0.015959035580799696,24271490302.142857,0.12120920735833333,0.5251754381467679,0.09821358999999999,60,0.21666666666666667,0.5333333333333333,0.25,1,39338.78515625,41143.9296875,0.044865467674200424,1
2022-03-16,0.044865467674200424,0.08345429518555651,-0.020186607075937685,39305.08258928572,0.04678395202547003,39523.41266741072,0.041001444731656234,39982.633072916666,0.029045025935772406,0.03908771089711818,0.043181609349679156,53.560558459690924,0.6552567374963296,25319032467.57143,0.11032040620925926,0.4356605605027721,0.07510744750000001,54,0.09259259259259259,0.6851851851851852,0.2222222222222222,1,41143.9296875,40951.37890625,-0.004690916877794194,0
2022-03-17,-0.004690916877794194,0.031872078898228004,0.03766933284679837,39521.35658482143,0.03618353328432522,39416.240513392855,0.03894684964527584,39861.83893229167,0.027332907942581253,0.029247487608923973,0.04234741253293847,52.94175077199267,-0.4444393151063968,24023537665.0,0.191068644556,0.4842131538433242,0.197286355,50,0.12,0.56,0.32,1,40951.37890625,41801.15625,0.020538517974936225,1
2022-03-18,0.020538517974936225,0.06071306877134244,0.07463333311238113,39950.81138392857,0.046315576629709865,39606.494140625,0.05541167318628948,39789.81549479167,0.05054913500344349,0.02796278833036909,0.036066527227818904,55.391238756846185,0.5639340666172972,25174491161.714287,-0.016845421673913036,0.5055003243156331,0.0440689695,46,0.2391304347826087,0.5652173913043478,0.1956521739130435,1,41801.15625,42190.65234375,0.009274687432012266,1
2022-03-19,0.009274687432012266,0.02512228852915424,0.081101313739726,40420.33147321428,0.04379778210648455,39805.78459821428,0.0599125923432422,39844.903515625,0.05887199167655455,0.027766133533605443,0.036084066056914006,56.508680206847444,-0.4287054287004357,25895691523.142857,-0.22089516971428572,0.5741014330084452,0.008457588,14,0.35714285714285715,0.5714285714285714,0.07142857142857142,1,42190.65234375,41247.82421875,-0.022600322885966202,0
2022-03-20,-0.022600322885966202,0.0072128825209822195,0.08597626082874446,40905.782924107145,0.008361685566010246,40007.773158482145,0.030995253231307363,39885.465104166666,0.03415678144971701,0.026662323070531596,0.03592346831002539,53.044809944143694,0.023549298364766935,26299577433.42857,0.1155548085,0.32552304784251923,0.0699919785,12,0.08333333333333333,0.8333333333333334,0.08333333333333333,1,41247.82421875,41077.99609375,-0.004125761887466681,0
2022-03-21,-0.004125761887466681,-0.017451397341420673,0.03495919953174376,41107.388950892855,-0.0007150261277349967,40223.19866071428,0.021251353982213006,39917.326432291666,0.029076838686255213,0.022229487737915322,0.035788677802434284,52.421480695446014,0.22295352128556467,26341489462.142857,0.11891198944038463,0.4349738215679255,0.07819658,52,0.11538461538461539,0.6730769230769231,0.21153846153846154,1,41077.99609375,42358.80859375,0.03070379130997368,1
2022-03-22,0.03070379130997368,0.003977706536540818,0.07396546273989553,41538.82087053572,0.019740274423531323,40481.88002232143,0.04636465921033417,40048.24075520833,0.057694615168362384,0.023208220801127562,0.03629905227780251,56.56679192363427,0.3001806226111303,27494439677.57143,0.11983009595500001,0.48803078699605534,0.10526838999999999,50,0.2,0.5,0.3,1,42358.80859375,42892.95703125,0.012531246090632069,1
2022-03-23,0.012531246090632069,0.03910927551313919,0.04163124115632728,41788.681919642855,0.02642521996100755,40546.88225446428,0.05786079339127026,40242.16328125,0.06587105497966794,0.017841021849397697,0.029547702861559236,58.20232536996516,-0.21127269959259254,25441014945.714287,0.02586998145215686,0.4034547388832194,0.07779702,51,0.13725490196078433,0.7254901960784313,0.13725490196078433,1,42892.95703125,43960.93359375,0.024593725965785046,1
2022-03-24,0.024593725965785046,0.06782876336639096,0.07091588399990648,42218.61830357143,0.041268884681410434,40869.98744419643,0.07562875211972919,40431.326822916664,0.08729881129779637,0.018356723676247976,0.02358823269570713,61.33716721563287,0.22976913611641603,26731499402.57143,0.21946991801754384,0.406790295323397,0.12392408,57,0.10526315789473684,0.5614035087719298,0.3333333333333333,1,43960.93359375,44348.73046875,0.008782716407665668,1
2022-03-25,0.008782716407665668,0.04590768846408285,0.059160082432636006,42582.55747767857,0.04147644236721204,41266.68443080357,0.07468605923779603,40666.398828125,0.0905497350819835,0.017774376776686685,0.022539158302503495,62.43878370498875,-0.015094526088448301,26181906272.857143,0.1565129669923077,0.43306977990156453,0.069490042,52,0.09615384615384616,0.6538461538461539,0.25,1,44348.73046875,44500.828125,0.0034237154855725296,1
2022-03-26,0.0034237154855725296,0.03680015785902316,0.05330911048619621,42912.58258928572,0.03701118506232315,41666.45703125,0.06802524850203162,40872.006119791666,0.08878502304419866,0.01786654483980975,0.02252554357369748,62.88545068489334,-0.4455999539173361,25794135245.42857,-0.08636191703529411,0.5055918766925019,0.030738708,17,0.23529411764705882,0.6470588235294118,0.11764705882352941,1,44500.828125,46820.4921875,0.050813175792382204,1
2022-03-27,0.050813175792382204,0.06301960768562019,0.12672260916454448,43708.678013392855,0.07119442443794921,42307.23046875,0.10667825969094569,41125.548567708334,0.1384770250642522,0.018701053633295092,0.022330116988342655,68.94993609182977,0.6613647284950224,26941698536.857143,0.1752500195882353,0.35478134789521465,0.05836909,17,0.058823529411764705,0.7058823529411765,0.23529411764705882,1,46820.4921875,47128.00390625,0.0065464127633699815,1
2022-03-28,0.0065464127633699815,0.060783304041324586,0.1373947838153811,44572.96484375,0.057322618575108564,42840.17689732143,0.10008891931528563,41392.97708333333,0.13855072108900934,0.016938799790235666,0.02044870105968114,69.6577495448008,0.2912296472860709,28619788884.285713,0.19280077613953486,0.5187338171666068,0.09029891,43,0.13953488372093023,0.5348837209302325,0.32558139534883723,1,47128.00390625,47465.73046875,0.00714059973919024,1
2022-03-29,0.00714059973919024,0.06450018829494246,0.11383159224459777,45302.525111607145,0.04775021594963169,43420.67299107143,0.0931597140032896,41718.17526041667,0.13777101161437333,0.016710644015653923,0.019652216232725495,70.4543456157118,-0.1365461922453216,28532989840.42857,0.15007617938032786,0.44488615685699323,0.12018642,61,0.11475409836065574,0.6557377049180327,0.22950819672131148,1,47465.73046875,47062.6640625,-0.0085279952347302,0
2022-03-30,-0.0085279952347302,0.005159017267829918,0.0927723509192353,45898.197544642855,0.025370637196036494,43843.439732142855,0.07342545087759245,41847.15625,0.12463231148472609,0.019203856569764734,0.018206837744863636,68.15459071924742,-0.06571236823378412,29117409968.0,0.3031617814888889,0.4447272427234449,0.199825555,54,0.07407407407407407,0.5555555555555556,0.37037037037037035,1,47062.6640625,45538.67578125,-0.03291800954258311,0
2022-03-31,-0.03291800954258311,-0.034305405038123085,0.035260615410867065,46123.58928571428,-0.012681439443947284,44171.103794642855,0.030960783614671694,41886.62421875,0.08718896856971359,0.024977945778833718,0.021224096409985214,60.1587801631799,0.1361409607119657,29443757798.714287,0.14783967533846154,0.4853084707746964,0.07477142,52,0.09615384615384616,0.6538461538461539,0.25,1,45538.67578125,46281.64453125,0.016183454010017757,1
2022-04-01,0.016183454010017757,-0.02526255076729573,0.04266135301321909,46399.71986607143,-0.002544742407114553,44491.138671875,0.040244100574275965,41965.20846354167,0.10285749137784794,0.025317226892209433,0.021050828811774665,62.47039251874213,0.14508222208757027,30527790834.857143,-0.04852688026956522,0.4141223245864175,0.0330164285,46,0.2391304347826087,0.6304347826086957,0.13043478260869565,1,46281.64453125,45868.94921875,-0.008957035540670266,0
2022-04-02,-0.008957035540670266,-0.02569159107323573,0.0302806019869765,46595.165736607145,-0.015585662297292746,44753.87416294643,0.024915721301437488,42079.11380208333,0.09006452546724097,0.02595922895131597,0.021477088680874893,60.37491696429957,-0.23127459477451806,32297239149.0,0.04785221904875,0.30472500590340923,0.027740681000000003,20,0.1,0.8,0.1,1,45868.94921875,46453.56640625,0.012664841243046981,1
2022-04-03,0.012664841243046981,0.01989125971239436,-0.00786773256235885,46542.747767857145,-0.0019161172445588681,45125.712890625,0.02942565181947221,42322.979166666664,0.09759679778961683,0.01704823344682779,0.019876788111009184,62.3039131123088,-0.13369638472901457,31904883133.0,0.040691285752941175,0.29805275617815924,0.035672985,17,0.058823529411764705,0.8823529411764706,0.058823529411764705,1,46453.56640625,46622.67578125,0.0036337857461326666,1
2022-04-04,0.0036337857461326666,0.007341591448509302,-0.010780359579596173,46470.55803571428,0.003273421967922241,45521.761439732145,0.024184352861112313,42563.715494791664,0.09536198236629545,0.016864376577134337,0.019604272425735654,62.86703395756603,0.2787942470142222,31353113097.57143,0.049829138258619565,0.4455811805382524,0.047641625,46,0.13043478260869565,0.7391304347826086,0.13043478260869565,1,46622.67578125,45555.9921875,-0.02314486060589607,0
2022-04-05,-0.02314486060589607,-0.006846233616716602,-0.041065819924682494,46197.73828125,-0.013891288137161117,45750.13169642857,-0.004243474318648355,42801.582421875,0.06435298906652753,0.018105373925652254,0.020297975880629513,57.07532969767458,-0.08797539306709867,31102190952.714287,0.2244290577137037,0.49316740803028686,0.19270684,54,0.1111111111111111,0.5555555555555556,0.3333333333333333,1,45555.9921875,43206.73828125,-0.05294570510057487,0
2022-04-06,-0.05294570510057487,-0.0724567799603383,-0.08548352979052712,45646.89174107143,-0.05345716579483695,45772.544642857145,-0.05605557614563472,42973.07239583333,0.00543749544515526,0.025476602866176052,0.02538431771987659,46.840435522074664,0.3290348508047638,32539264070.714287,0.021883100746031753,0.5262036842476008,0.077225305,63,0.2222222222222222,0.5714285714285714,0.20634920634920634,1,43206.73828125,43503.84765625,0.0068529242315328075,1
2022-04-07,0.0068529242315328075,-0.06923764147493798,-0.04571259601641111,45356.20200892857,-0.04084015571484423,45739.89564732143,-0.0488861629312084,43131.958333333336,0.008622129327924721,0.024505475233713794,0.02451817140394108,48.10781869299533,-0.3374023085882032,31507056356.42857,0.105877749521875,0.48855615807188296,0.14393924,64,0.171875,0.609375,0.21875,1,43503.84765625,42287.6640625,-0.028353972258937266,0
2022-04-08,-0.028353972258937266,-0.07444675312797919,-0.09025002228536606,44785.63337053572,-0.055776129978305056,45592.67661830357,-0.072489987448483,43142.11627604167,-0.019805523866157193,0.023381234394621062,0.025400910473785298,43.53263109371736,0.04267961979257118,29943249371.714287,0.028028091125999993,0.5114833071784052,0.07375023,50,0.22,0.58,0.2,1,42287.6640625,42782.13671875,0.011625235289932529,1
2022-04-09,0.011625235289932529,-0.009875812737471849,-0.06966775145476317,44344.66015625,-0.035235887071732974,45469.91294642857,-0.0591110924457946,43253.60546875,-0.010900102890627927,0.025183395566615054,0.025663589857565807,45.78998968571169,-0.4102448849054946,28045274843.42857,0.17274688692857146,0.5296773933922037,0.057721747500000004,14,0.14285714285714285,0.5714285714285714,0.2857142857142857,1,42782.13671875,42207.671875,-0.013518646577317169,0
2022-04-10,-0.013518646577317169,-0.030247383546321838,-0.0958512392751272,43738.103794642855,-0.034990815487302984,45140.42578125,-0.06496956675734722,43367.362109375,-0.026741083108771768,0.023124491267657275,0.020578632855584474,43.60884992898008,0.09991438645084894,26936714553.714287,0.32204183935714287,0.36218894351525427,0.11992813,14,0.0,0.6428571428571429,0.35714285714285715,1,42207.671875,39521.90234375,-0.06574699455484899,0
2022-04-11,-0.06574699455484899,-0.06764040584223356,-0.16523201957610884,42723.70758928572,-0.07494212057426097,44597.1328125,-0.11380172106776065,43387.95846354167,-0.08910435652417859,0.028665246954613928,0.025329478984204595,35.173258728077954,0.9230201434368497,27143875512.42857,-0.08754979645882352,0.5790669493595844,0.05024552,51,0.3137254901960784,0.49019607843137253,0.19607843137254902,1,39521.90234375,40127.18359375,0.015198991801760951,1
2022-04-12,0.015198991801760951,-0.06406664933040519,-0.1268881671684519,41948.16350446428,-0.04341024155969275,44072.950892857145,-0.08952809419771868,43463.87578125,-0.07676931998180014,0.03221192283914607,0.025897104984473583,38.08024692890808,-0.08714047027676186,27336860769.42857,0.07630293626415094,0.488615230390919,0.09945592,53,0.18867924528301888,0.5660377358490566,0.24528301886792453,1,40127.18359375,41166.73046875,0.02557641749549052,1
2022-04-13,0.02557641749549052,-0.02497158525759755,-0.04836604457238652,41656.73381696428,-0.011762884492272252,43651.812779017855,-0.05692964740887829,43513.875,-0.053940140501162026,0.03173446589192864,0.027783793571315742,42.82251062721187,-0.10649357194890496,25665104975.142857,0.100022982975,0.5199047942253593,0.11889075500000001,52,0.17307692307692307,0.5769230769230769,0.25,1,41166.73046875,39935.515625,-0.030364373354540806,0
2022-04-14,-0.030364373354540806,0.010411035942710561,-0.0855833421584602,41146.97209821428,-0.029442177915853462,43251.58705357143,-0.07666935838595101,43533.766015625,-0.0826542410627541,0.03215927610834377,0.027626593168949814,39.01163252304791,-0.12094509148062238,25413680527.57143,0.1075197646,0.45317013340680784,0.10464936,59,0.13559322033898305,0.6610169491525424,0.2033898305084746,1,39935.515625,40553.46484375,0.015355179227128868,1
2022-04-15,0.015355179227128868,0.010567223368078476,-0.04187419067239406,40899.22935267857,-0.008454059267156477,42842.431361607145,-0.053427558733475156,43514.08385416667,-0.06803817863519546,0.032743991374039653,0.02756846750350179,41.81061590650335,-0.10620105211015218,24633803436.0,0.10452299269047619,0.40140562883196695,0.08694126999999999,42,0.11904761904761904,0.6904761904761905,0.19047619047619047,1,40553.46484375,40424.484375,-0.0031855728397045674,0
2022-04-16,-0.0031855728397045674,-0.018194766967116634,-0.05668499880203127,40562.421875,-0.003400622882555604,42453.541015625,-0.047794756151865125,43496.520703125,-0.07062717381678518,0.031883854696535395,0.027619309068501095,41.38370375643568,-0.22630591092286312,24745571749.857143,0.00046017286785714803,0.3108773998492749,0.05698402699999999,14,0.07142857142857142,0.9285714285714286,0.0,1,40424.484375,39716.953125,-0.017657522881942136,0
2022-04-17,-0.017657522881942136,-0.005487916494517966,-0.0608238751066563,40206.60491071428,-0.012178391754330886,41972.35435267857,-0.05373539946621175,43427.047265625,-0.08543279762798317,0.03203913286625856,0.026968821972484604,39.0294629444474,0.1339310976368504,24950308529.857143,0.0206363185,0.40952782424150797,0.050379977,17,0.11764705882352941,0.8235294117647058,0.058823529411764705,1,39716.953125,40826.21484375,0.027546268364385663,1
2022-04-18,0.027546268364385663,0.006703172642738867,0.03246938781257817,40392.935267857145,0.01072661773697936,41558.32142857143,-0.01761636561957247,43381.566015625,-0.05890407854236113,0.022260066398754684,0.028682731083979517,44.37245472377785,0.7658125550630543,24915347087.857143,-0.12931732092765957,0.44984559337998065,0.033855952,47,0.23404255319148937,0.6808510638297872,0.0851063829787234,1,40826.21484375,41502.75,0.016435294339235306,1
2022-04-19,0.016435294339235306,0.02632403982167877,0.03370569035005259,40589.44475446428,0.02250105294764504,41268.80412946428,0.0056688308631820394,43390.06354166667,-0.04349644567481026,0.02236248866792746,0.029178896140481164,47.400004024767085,-0.2492784494399689,24102733615.42857,0.14422130223913043,0.6137818250372872,0.0874992975,46,0.1956521739130435,0.391304347826087,0.41304347826086957,1,41502.75,41374.37890625,-0.003097867846210707,0
2022-04-20,-0.003097867846210707,0.04088369485741022,0.005031405008351292,40619.10881696428,0.018593960115892205,41137.92131696428,0.0057479226396450755,43399.94296875,-0.04667204433790395,0.02047196798552317,0.025959628706349328,46.87864376782716,0.09944691354931612,24121080345.857143,0.015613901690909092,0.49112995951684674,0.05169594,55,0.2,0.5818181818181818,0.21818181818181817,1,41374.37890625,40527.36328125,-0.020684439708319406,0
2022-04-21,-0.020684439708319406,-0.007347013215294848,0.014711338654572711,40703.658482142855,-0.0043311880913652345,40925.31529017857,-0.009723859330268203,43338.894791666666,-0.06487317048420149,0.01822616484199138,0.02619009558941404,43.480346229547244,0.2715090232795945,25696906691.857143,0.21860329857272728,0.4592070921153937,0.1514993,55,0.07272727272727272,0.6,0.32727272727272727,1,40527.36328125,39740.3203125,-0.019611085251918917,0
2022-04-22,-0.019611085251918917,-0.0433933928064491,-0.02025492582447492,40587.49497767857,-0.02087280000020897,40743.36216517857,-0.0246185341458105,43233.806901041666,-0.08080451014961387,0.0187717892302916,0.025691482333899538,40.539600142703854,-0.20809979648763266,26590458262.142857,-0.007191594694339631,0.4315425474690681,0.06274855,53,0.20754716981132076,0.660377358490566,0.1320754716981132,1,39740.3203125,39486.73046875,-0.006401619327578674,0
2022-04-23,-0.006401619327578674,-0.046697144287816995,-0.023470972312349025,40453.53013392857,-0.023899018502904767,40507.97600446428,-0.02521097414498652,43084.666796875,-0.08350851000165938,0.01881942287386684,0.025272823917512354,39.610018214056446,-0.4238831773179135,26491154055.857143,0.2025988827882353,0.30992997648433074,0.05767616,17,0.0,0.7647058823529411,0.23529411764705882,1,39486.73046875,39469.29296875,-0.00044170158334548267,0
2022-04-24,-0.00044170158334548267,-0.026454406162843093,-0.006255151013752369,40418.150111607145,-0.023476016102593866,40312.37751116072,-0.020913788629244312,42922.018880208336,-0.08044183385442794,0.017731984133901244,0.025204199733492416,39.54287324437821,0.11317229602192858,26330691930.857143,0.1476520743888889,0.38046183471414663,0.054160215,18,0.05555555555555555,0.7222222222222222,0.2222222222222222,1,39469.29296875,40458.30859375,0.024749050076096804,1
2022-04-25,0.024749050076096804,0.01790572916517274,-0.009052369302041046,40365.592075892855,0.0022969195567061895,40379.263671875,0.0019575622407908,42787.268229166664,-0.05443113645262099,0.017000692249166074,0.01927603421894727,45.21532895661418,0.9731098275873569,26579341716.285713,0.0024373979097561047,0.5140492710236144,0.067588806,41,0.1951219512195122,0.6341463414634146,0.17073170731707318,1,40458.30859375,38117.4609375,-0.05959955698854747,0
2022-04-26,-0.05959955698854747,-0.03529220849579605,-0.08508722062982381,39881.97935267857,-0.04424350154677226,40235.71205357143,-0.05264604521602856,42497.1671875,-0.10305878108713651,0.02579914029571017,0.024810112371400003,36.488859375102,-0.024731953324216627,27903039126.142857,0.10798431204909091,0.5304201013980565,0.10328686,55,0.18181818181818182,0.5272727272727272,0.2909090909090909,1,38117.4609375,39241.12109375,0.029052734994520196,1
2022-04-27,0.029052734994520196,-0.005797771917930484,-0.052936617789092866,39577.228236607145,-0.008492437642367845,40098.16852678572,-0.02137373013590904,42234.27109375,-0.07087017065728263,0.030171659230282935,0.025140533922505003,42.25051762406313,-0.10379426812826487,28354679532.285713,0.0919441812510204,0.3916965409087551,0.10113804,49,0.14285714285714285,0.6938775510204082,0.16326530612244897,1,39241.12109375,39773.828125,0.013483906721524785,1
2022-04-28,0.013483906721524785,-0.017062915272502584,-0.01876827135924877,39469.580357142855,0.007708411518545288,40086.619419642855,-0.007802885331098408,41977.874348958336,-0.05250495071847361,0.030457481770602764,0.024241050445725196,44.806870104208635,0.09433808755593676,28144810748.285713,0.12274126527482758,0.47136102530742446,0.0781976875,58,0.13793103448275862,0.603448275862069,0.25862068965517243,1,39773.828125,38609.82421875,-0.02970235366082905,0
2022-04-29,-0.02970235366082905,0.012834288055215777,-0.02885953976815889,39308.08091517857,-0.017763693372243594,39947.78794642857,-0.033492811403545764,41696.113020833334,-0.07401862136504855,0.03160939629577699,0.024983829474532614,40.57985479542198,-0.08909675996431654,28554993306.0,0.015343930264705881,0.5669314132454731,0.061747056,51,0.23529411764705882,0.5490196078431373,0.21568627450980393,1,38609.82421875,37714.875,-0.023452178557919624,0
2022-04-30,-0.023452178557919624,-0.03967062549722401,-0.045910098998499876,39054.958705357145,-0.03431276718193854,39754.244419642855,-0.05129941341899047,41435.319661458336,-0.08978921103676107,0.03245978050748975,0.025544551552359008,37.63973887818106,-0.22625010940207668,29663235089.142857,-0.03256306768421052,0.5303485203500343,0.057992652,19,0.21052631578947367,0.631578947368421,0.15789473684210525,1,37714.875,38469.09375,0.019800580200401846,1
2022-05-01,0.019800580200401846,-0.03335395201834697,-0.02566781721475255,38912.07310267857,-0.011384110826212379,39665.111607142855,-0.030152892773594897,41174.90130208333,-0.06571497360083345,0.03396242468710092,0.026068158124107874,41.48731820841043,0.13002525950790988,30954429652.42857,0.06984042521214286,0.35377550478163866,0.027747554900000002,14,0.07142857142857142,0.7857142857142857,0.14285714285714285,1,38469.09375,38529.328125,0.0015645616058173508,1
2022-05-02,0.0015645616058173508,-0.002087036751700583,-0.04885230568503216,38636.50446428572,-0.0027739657293477382,39501.04827008928,-0.024599857159362526,40930.247265625,-0.05865879883509517,0.03179044476448747,0.024668698391385215,41.79617909982001,0.21923248926718708,30593988489.0,-0.25019536142142856,0.5891645338865001,-0.284451985,42,0.4523809523809524,0.40476190476190477,0.14285714285714285,1,38529.328125,37750.453125,-0.02042224184090012,0
2022-05-03,-0.02042224184090012,0.0009428999653189719,-0.009674990537384846,38584.07477678572,-0.021605329572066623,39233.027064732145,-0.03778892557247715,40640.14348958333,-0.07110433469123945,0.023296345308351507,0.02426790642888762,38.934287451480834,-0.16996506870848582,29559396321.57143,-0.019888913374583334,0.5458629371839822,0.05198979,48,0.2916666666666667,0.4375,0.2708333333333333,1,37750.453125,39698.37109375,0.050312677532991644,1
2022-05-04,0.050312677532991644,0.03145499729790895,0.011584952001086654,38649.396205357145,0.027140783333827523,39113.312220982145,0.014958049818496466,40409.333333333336,-0.017594010614297106,0.028687458142581695,0.028685503106396518,48.44244746089212,0.3449877712930782,30384166222.42857,0.11522253558727273,0.4468871308664011,0.09814746,55,0.14545454545454545,0.6545454545454545,0.2,1,39698.37109375,36575.140625,-0.08194136472907673,0
2022-05-05,-0.08194136472907673,-0.05205092903698516,-0.08384031944951482,38192.44084821428,-0.04234608177156873,38831.01060267857,-0.05809454718448559,40109.97161458333,-0.08812848394782014,0.0418038968440037,0.03546807776660327,38.17809867477882,0.17281879315248294,31698816423.857143,0.118361434,0.5667895076854184,0.10817183,53,0.20754716981132076,0.49056603773584906,0.3018867924528302,1,36575.140625,36040.921875,-0.014713780107637159,0
2022-05-06,-0.014713780107637159,-0.046342467303722185,-0.06885174589632286,37825.454799107145,-0.047178095639163864,38566.767857142855,-0.06549280954782033,39871.111067708334,-0.09606427034862364,0.041123003084624556,0.03536161878854548,36.743960274827,-0.1231997227721584,32686328258.142857,-0.06626960882340426,0.5142254320233183,0.057478838,47,0.2765957446808511,0.6170212765957447,0.10638297872340426,1,36040.921875,35501.953125,-0.015067299056939674,0
2022-05-07,-0.015067299056939674,-0.11172244389365353,-0.060466866395342815,37509.32310267857,-0.05351656099427782,38282.140904017855,-0.07262362327092486,39604.38125,-0.10358520940154814,0.04078098027936442,0.035426511037502696,35.30310992923678,-0.3550595592012228,32754925783.142857,0.09195816388461539,0.5162582951645311,0.060735516,13,0.15384615384615385,0.6153846153846154,0.23076923076923078,1,35501.953125,34059.265625,-0.04148559878699712,0
2022-05-08,-0.04148559878699712,-0.07126667795157403,-0.12175304538274179,36879.34765625,-0.07646778510118457,37895.71037946428,-0.10123691351998654,39330.101302083334,-0.13401530895126723,0.04023297989500256,0.03647157886916923,31.717780479673323,0.5081718964374564,34149251754.57143,-0.1539835205857143,0.4483380990774618,0.014486389499999999,14,0.2857142857142857,0.7142857142857143,0.0,1,34059.265625,30296.953125,-0.1170549632581505,0
2022-05-09,-0.1170549632581505,-0.1736078611020874,-0.24037257024670963,35703.29408482143,-0.151424150023172,37169.89927455357,-0.18490623552103025,38913.928515625,-0.22143678932763233,0.05365805307623212,0.04468601146456551,24.67882949841912,0.7233474617280384,38496802116.71429,-0.21449684572,0.5951088534357077,-0.068359523,50,0.42,0.4,0.18,1,30296.953125,31022.90625,0.023678692386482958,1
2022-05-10,0.023678692386482958,-0.13486186965866476,-0.19627163601932665,34742.21595982143,-0.10705447557296643,36663.14536830357,-0.15383947726371927,38541.10299479167,-0.19506957924394785,0.0579793774334005,0.04464646551714085,27.999158516152363,-0.05594552052954327,43137387198.57143,-0.005823130417017541,0.522221157693223,0.046700813,57,0.24561403508771928,0.5789473684210527,0.17543859649122806,1,31022.90625,28936.35546875,-0.06962706368652095,0
2022-05-11,-0.06962706368652095,-0.16300333455818855,-0.31621137723883924,33204.78515625,-0.12854863139195982,35927.09068080357,-0.19458116645634305,38188.25143229167,-0.24227074077862443,0.0477933054854851,0.044994061817706536,24.63741713455869,0.17685392546623824,47942308816.85714,-0.2371796035363636,0.5876450136621341,-0.03672009,55,0.4727272727272727,0.4,0.12727272727272726,1,28936.35546875,29047.751953125,0.0038423156405122537,1
2022-05-12,0.0038423156405122537,-0.04210605565952585,-0.23042769686925033,32129.443917410714,-0.09591488642652068,35160.9423828125,-0.17386309966128133,37818.93704427083,-0.23192574346757255,0.0477921458553187,0.04448403090121037,25.15408875878572,-0.04829859082793364,51354154096.14286,-0.1201419139738806,0.5544519068217977,0.00050305575,67,0.29850746268656714,0.5223880597014925,0.1791044776119403,1,29047.751953125,29283.103515625,0.008069582993285078,1
2022-05-13,0.008069582993285078,-0.057715165052723706,-0.20764433376832817,31164.04129464286,-0.06035602896409953,34494.748046875,-0.15108516009938333,37422.816145833334,-0.21750668358278036,0.04996495454671822,0.04515064040987151,26.30365778458821,-0.36047688836150116,52074946531.57143,-0.0040018514142857176,0.5765954268213578,0.046605707499999996,56,0.2857142857142857,0.48214285714285715,0.23214285714285715,1,29283.103515625,30101.265625,0.027556540350855446,1
2022-05-14,0.027556540350855446,0.03946843898465282,-0.16502049436053287,30392.514508928572,-0.009582915024783811,33950.91880580357,-0.11338877757103627,37095.0078125,-0.18853594054624512,0.05443730390565382,0.0468548241550857,30.310840627884744,-0.33288705819762454,52675513990.71429,0.12256123031578946,0.43721531929247015,0.06806746,19,0.10526315789473684,0.7368421052631579,0.15789473684210525,1,30101.265625,31305.11328125,0.03921422960887751,1
2022-05-15,0.03921422960887751,0.07484035295301807,-0.08432066596465822,29999.06417410714,0.04353632831887255,33439.20591517857,-0.06382007513401733,36786.72942708333,-0.14901069573740422,0.058411988638928096,0.048265294929315916,35.83900759254368,-0.09602901229151972,51114418298.57143,-0.062910426425,0.4963299404413556,-0.01946389325,20,0.2,0.7,0.1,1,31305.11328125,29862.91796875,-0.047163938825930986,0
2022-05-16,-0.047163938825930986,0.01960683113380203,-0.014429641532438647,29937.059151785714,-0.0024765686789676167,32820.17661830357,-0.0901048974826153,36434.67721354167,-0.18037100222611946,0.040784598684258315,0.04875516876608264,32.51170080074708,0.26237381849758945,46722761487.85714,0.04474378589777778,0.4914678074569722,0.085259974,45,0.15555555555555556,0.6222222222222222,0.2222222222222222,1,29862.91796875,30425.857421875,0.018675310971867837,1
2022-05-17,0.018675310971867837,0.010725601754814311,-0.019433022947053843,29851.766462053572,0.01923138989282891,32296.9912109375,-0.05793523541687784,36124.9740234375,-0.15776112663402808,0.04029926329066142,0.04972813765245563,35.04660200490606,-0.10769715070231001,42335680724.71429,0.016047678054347824,0.5222144638565189,0.066169992,46,0.21739130434782608,0.6086956521739131,0.17391304347826086,1,30425.857421875,28720.271484375,-0.05768962303395388,0
2022-05-18,-0.05768962303395388,-0.08617825088801713,-0.007495582294486751,29820.897321428572,-0.03690787118812444,31512.841238839286,-0.08861688266377166,35721.442578125,-0.19599351505578222,0.03712652017045402,0.04705398116896596,31.220402154895112,0.07504069668073732,36749453939.14286,-0.03151252590491803,0.4957904899677255,0.032347016,61,0.22950819672131148,0.6229508196721312,0.14754098360655737,1,28720.271484375,30314.333984375,0.054017472510896065,1
2022-05-19,0.054017472510896065,0.015003160448809809,0.04267957457589687,30001.83761160714,0.010415907745829456,31065.640764508928,-0.024184493274391428,35348.495377604166,-0.14241515344437183,0.04266380262768257,0.04800113778215658,38.029974391072514,0.07953198171833775,32004350287.0,0.012422511430909094,0.5228181329377908,0.05967133,55,0.21818181818181817,0.5636363636363636,0.21818181818181817,1,30314.333984375,29200.740234375,-0.03742660999960213,0
2022-05-20,-0.03742660999960213,-0.04109876052266,-0.002816618416990204,29990.071428571428,-0.026319750390605412,30577.05636160714,-0.04501140040936891,34942.707421875,-0.16432519432954373,0.04567260453404367,0.048430476166360016,35.39369052808864,-0.089539721506526,30276958582.42857,0.015586986151999998,0.45320322440141625,0.0300620685,50,0.14,0.72,0.14,1,29200.740234375,29432.2265625,0.007896156156526583,1
2022-05-21,0.007896156156526583,0.024487018667820427,-0.022477002611319154,29894.49441964286,-0.01546331075728491,30143.504464285714,-0.023596390480358442,34572.86953125,-0.1486900867196873,0.04424904305160287,0.04881654758569818,36.38096176020846,-0.43820529134165354,28661954557.0,-0.022055151944444448,0.5300180314354973,0.053502066,18,0.2777777777777778,0.5,0.2222222222222222,1,29432.2265625,30323.72265625,0.02984011653578575,1
2022-05-22,0.02984011653578575,0.0003096626927101185,-0.03185111568441098,29754.295758928572,0.019137636525998314,29876.67996651786,0.014962930627939075,34258.98294270833,-0.11486798347281091,0.0428714933022925,0.04937782032581194,40.17271137938125,0.25219867255084205,28061406014.857143,0.11713689535294118,0.2980276773710465,0.071657754,17,0.058823529411764705,0.8235294117647058,0.11764705882352941,1,30323.72265625,29098.91015625,-0.04122961033666706,0
2022-05-23,-0.04122961033666706,-0.003493337644354639,-0.025916787195146944,29645.151785714286,-0.01842600211369183,29791.10546875,-0.023234965658662565,33912.722265625,-0.14194708616047713,0.04193687052811567,0.03975108408749262,36.917221094019176,0.45544264567255266,27899914196.42857,0.06579158838,0.5392347867835208,0.087796343,50,0.18,0.52,0.3,1,29098.91015625,29655.5859375,0.01894978176706928,1
2022-05-24,0.01894978176706928,0.007560287966188,-0.025642316399945506,29535.11300223214,0.004078973229550753,29693.43973214286,-0.0012748201280932125,33585.59869791667,-0.11701481923144785,0.04196140148117135,0.039527490889256785,39.323911549214856,-0.1545874930334762,27544918877.857143,-0.07245562899818182,0.5183022821455316,0.0027564801,55,0.2727272727272727,0.5818181818181818,0.14545454545454545,1,29655.5859375,29562.361328125,-0.0031485281301596416,0
2022-05-25,-0.0031485281301596416,-0.025428356699757446,0.02889877850384867,29655.411551339286,-0.0031377147827875707,29738.154436383928,-0.005911365772041655,33222.40045572917,-0.11016781079625448,0.034691504502625,0.03462534041616571,39.05519085555314,0.03413510765225536,27007746768.142857,0.05034337727301587,0.4612826493809519,0.058865428,63,0.1746031746031746,0.6349206349206349,0.19047619047619047,1,29562.361328125,29267.224609375,-0.010033699544872113,0
2022-05-26,-0.010033699544872113,0.005767554092037408,-0.0351523935519193,29505.82449776786,-0.008086535199547051,29753.8310546875,-0.01635441313147601,32927.392578125,-0.11115875513269757,0.026915203489390423,0.034752388397572255,38.16599316673442,0.33603053391184523,27436443574.57143,-0.007422736553846157,0.5947664287176881,0.104201375,52,0.2692307692307692,0.5576923076923077,0.17307692307692307,1,29267.224609375,28627.57421875,-0.022097889022563728,0
2022-05-27,-0.022097889022563728,-0.035280116697595426,-0.019823672574880935,29423.94363839286,-0.027065352946222476,29707.00753348214,-0.036335982798521016,32573.607682291666,-0.12114204548754637,0.024339686988427266,0.0351820572691101,36.24018057509425,-0.005229724873512587,28269675452.142857,-0.03853664507021277,0.4692670958319179,0.04037098,47,0.23404255319148937,0.6595744680851063,0.10638297872340426,1,28627.57421875,28814.900390625,0.006522241153916333,1
2022-05-28,0.006522241153916333,-0.02560934741351961,-0.021197587577491246,29335.75418526786,-0.017754914066754335,29615.12430245536,-0.02702078517914619,32208.310091145835,-0.10535820385850336,0.02424410971259953,0.03427787458861404,37.23895653689998,-0.029042369117720845,30876066479.57143,-0.17976334143181819,0.3941452890482232,0.015666740250000002,22,0.2727272727272727,0.7272727272727273,0.0,1,28814.900390625,29445.95703125,0.02166399017895866,1
2022-05-29,0.02166399017895866,0.006088342310311123,-0.029373713934318344,29210.35909598214,0.008065561073511862,29482.32742745536,-0.0012336338199503416,31902.8478515625,-0.07701164584879427,0.022533267469517945,0.03290395917161305,40.613854944740616,-0.49059398747804384,30370688499.42857,-0.012251247346666667,0.27409281346104214,0.07499259,15,0.06666666666666667,0.9333333333333333,0.0,1,29445.95703125,31726.390625,0.07459222816391974,1
2022-05-30,0.07459222816391974,0.1027784594967945,0.08644812456626842,29585.713448660714,0.07235509733621748,29615.4326171875,0.0712789860306613,31703.231705729166,0.0007304908056628978,0.031533729850032576,0.03660633768933632,50.89086155607967,1.1707880985957173,31484194030.42857,0.12127037437906978,0.5801701823386125,0.05692988,43,0.23255813953488372,0.3953488372093023,0.37209302325581395,1,31726.390625,31792.310546875,0.0020756074770069063,1
2022-05-31,0.0020756074770069063,0.09833182581988514,0.06957395027620596,29890.959821428572,0.06360955743158714,29713.03641183036,0.06997851401739519,31480.672265625,0.009899352803538708,0.031590021809314875,0.036373821311866165,51.15400611181017,-0.1461322781935359,32473008943.142857,0.10860519134,0.5034434195834687,0.140045315,50,0.16,0.6,0.24,1,31792.310546875,29799.080078125,-0.06474693067083527,0
2022-06-01,-0.06474693067083527,0.011920904970091281,0.007975547735530332,29924.776785714286,-0.004200422562526618,29790.094168526786,0.000301640859118546,31189.663997395834,-0.044584767549497806,0.042528904983230906,0.03731829781718808,43.55442171181958,0.22653583966992508,34417402341.71429,-0.02591071018727273,0.4695814972534645,0.040308483,55,0.21818181818181817,0.6363636363636364,0.14545454545454545,1,29799.080078125,30467.48828125,0.02218263391098452,1
2022-06-02,0.02218263391098452,-0.04048868928284392,0.04019188119138688,30096.243024553572,0.012335269102975888,29801.033761160714,0.022363469852440643,30946.898502604166,-0.015491381836335694,0.04286015653753822,0.03483368177951402,46.4285900798063,-0.29298689217942286,33318721871.57143,-0.21261869711627907,0.5330979072200591,-0.028479159,43,0.37209302325581395,0.5348837209302325,0.09302325581395349,1,30467.48828125,29704.390625,-0.02536528971019155,0
2022-06-03,-0.02536528971019155,-0.0679295864700424,0.03692448050375901,30250.07393973214,-0.018039073749681278,29837.0087890625,-0.004444753996624251,30613.7658203125,-0.02970478054382719,0.04323007258697757,0.03396557356294722,43.69320061868108,-0.09998825463334637,31832084972.142857,0.030546231608695663,0.4338305626466369,0.0279068915,46,0.17391304347826086,0.6521739130434783,0.17391304347826086,1,29704.390625,29832.9140625,0.00431741536890466,1
2022-06-04,0.00431741536890466,0.0011347595696976126,0.03471965471874745,30395.504464285714,-0.018509000317686763,29865.629324776786,-0.0010954151315889504,30389.024934895835,-0.018299727404456845,0.043227502087938026,0.03392491843727881,44.28854067605689,-0.36626460293068186,29127626875.57143,-0.03319847526666666,0.4754403676168841,0.05061289,15,0.2,0.6666666666666666,0.13333333333333333,1,29832.9140625,29906.662109375,0.002468985857085947,1
2022-06-05,0.002468985857085947,-0.01857888848420091,0.015524650396874796,30461.319475446428,-0.018208579786522794,29835.839285714286,0.0023737500052369853,30184.549609375,-0.009206282803494004,0.04259547341887958,0.032906306637315905,44.65017809821521,0.040734227894398956,29009083880.142857,-0.18405230206666667,0.5171177936749554,-0.0254184,15,0.3333333333333333,0.4666666666666667,0.2,1,29906.662109375,31370.671875,0.04779217112896654,1
2022-06-06,0.04779217112896654,0.05457857235495718,-0.011275406638078422,30410.502511160714,0.03157361058032171,29998.107979910714,0.04575501548325889,30046.840234375,0.04405893033339581,0.0356431522673084,0.033132597738058205,51.3952376470794,0.8505084985926421,27961847245.142857,0.051829669581632654,0.5832478125019729,0.04405351,49,0.24489795918367346,0.4897959183673469,0.2653061224489796,1,31370.671875,31155.478515625,-0.006883334658869973,0
2022-06-07,-0.006883334658869973,0.043377822327182604,-0.02023434877395514,30319.526506696428,0.0275714071175861,30105.2431640625,0.034885463167963815,29950.047330729165,0.040248056091018114,0.03564956812703816,0.03303731740874989,50.422570785666196,0.2761932006172858,28995099160.142857,0.03496065845263158,0.5711673861700762,0.04568567,57,0.24561403508771928,0.47368421052631576,0.2807017543859649,1,31155.478515625,30214.35546875,-0.030672946983430784,0
2022-06-08,-0.030672946983430784,0.010235889486665851,0.013839634913449288,30378.8515625,-0.005414822657517915,30151.81417410714,0.0020742133220150727,29947.294075520833,0.00891771365238192,0.02709594839433317,0.0342612646518607,46.296020604372266,-0.25824536156355815,27438847983.857143,0.04059477827999999,0.42041251518763956,0.049431521500000006,50,0.16,0.72,0.12,1,30214.35546875,30111.998046875,-0.0033934595457949636,0
2022-06-09,-0.0033934595457949636,-0.040949741188095704,-0.011736458543330117,30328.067243303572,-0.0071243971696310915,30212.155133928572,-0.003315125538366326,29916.93046875,0.00652030723301511,0.025600368716155602,0.03413417222069371,45.85645847321641,-0.2827206427230663,26382911220.714287,-0.013835560789285717,0.4572012374478682,0.0375777655,56,0.23214285714285715,0.6071428571428571,0.16071428571428573,1,30111.998046875,29083.8046875,-0.03474221923780006,0
2022-06-10,-0.03474221923780006,-0.06880862576702579,-0.021113388070938634,30239.412109375,-0.038215274083213124,30244.743024553572,-0.03838479752038526,29921.845442708334,-0.028007656038894324,0.027239348868447706,0.03497859499401686,41.585202780040376,0.3768887160917458,26910329660.0,0.042170751532727264,0.5712727344655765,0.073124595,55,0.2909090909090909,0.4727272727272727,0.23636363636363636,1,29083.8046875,28360.810546875,-0.02517319741030233,0
2022-06-11,-0.02517319741030233,-0.0633088761938974,-0.0506040008501457,30029.11160714286,-0.05555612440665836,30212.308035714286,-0.061282887975675715,29898.947395833333,-0.05144451503910419,0.028180374851827488,0.03562249915170649,38.84528200772794,-0.08775103868017509,28432930157.285713,-0.15634684022727272,0.5811124149131675,0.011569245499999999,22,0.3181818181818182,0.5454545454545454,0.13636363636363635,1,28360.810546875,26762.6484375,-0.05800108151881945,0
2022-06-12,-0.05800108151881945,-0.1179164981669219,-0.11107406822605106,29579.966796875,-0.09524413528661024,30020.643136160714,-0.1085251466427235,29814.9322265625,-0.10237433262864115,0.03348174035352893,0.0379850277154455,33.57864817161045,0.25385377712288504,30847092276.285713,-0.15949632,0.4276752502478035,0.021428913,19,0.3157894736842105,0.5789473684210527,0.10526315789473684,1,26762.6484375,22487.388671875,-0.17405255177667042,0
2022-06-13,-0.17405255177667042,-0.2572268307057921,-0.33291879113168793,28310.926339285714,-0.2056992977771155,29360.714425223214,-0.23409940418355335,29561.136328125,-0.239292142823343,0.058687439358090135,0.05238724435348138,24.147050010227275,0.9964323003796933,36026695077.85714,-0.38435349915625,0.535352100678405,-0.487871495,64,0.515625,0.421875,0.0625,1,22487.388671875,22206.79296875,-0.012556416941057361,0
2022-06-14,-0.012556416941057361,-0.2446100502365472,-0.3385918734138754,27032.54268973214,-0.17851630815384312,28676.034598214286,-0.22559749700773268,29257.858984375,-0.24099733406298063,0.05806800211666197,0.05195863834735894,23.676991636525457,-0.25351651122034624,37475638106.85714,-0.2500179438293103,0.5875735868347481,-0.130594628,58,0.4482758620689655,0.39655172413793105,0.15517241379310345,1,22206.79296875,22572.83984375,0.01634917508386348,1
2022-06-15,0.01634917508386348,-0.1702597936338643,-0.29156975134658114,25940.897600446428,-0.1298358217426704,28159.874581473214,-0.19840410586910084,29014.856380208334,-0.2220247604207537,0.06296943671318793,0.051782484897991574,25.70872127690201,0.07853370646227154,40999916379.42857,-0.1254482271724138,0.5666076105818839,0.018725046000000002,58,0.3275862068965517,0.5172413793103449,0.15517241379310345,1,22572.83984375,20381.650390625,-0.10211240133010355,0
2022-06-16,-0.10211240133010355,-0.09831964318729743,-0.39028869313088965,24550.84793526786,-0.1698188818421098,27439.457589285714,-0.25721380153726425,28680.049479166668,-0.28934395997362794,0.06401858785084133,0.05460233389187443,21.943102309434764,-0.4321100730213403,42355912227.28571,-0.0712967620078125,0.5264417450122488,0.01594607675,64,0.296875,0.515625,0.1875,1,20381.650390625,20471.482421875,0.004397810882562394,1
2022-06-17,0.004397810882562394,-0.08136541536367774,-0.35114866301052733,23320.516183035714,-0.12216855488101142,26779.96414620536,-0.23556722069862257,28405.08984375,-0.27930231749013956,0.06775973938959838,0.05531755941306183,22.44464013046762,-0.12992423368186867,41965190082.57143,-0.06969243842931035,0.5782570079904317,0.022753262,58,0.29310344827586204,0.5,0.20689655172413793,1,20471.482421875,19017.642578125,-0.07366571122488891,0
2022-06-18,-0.07366571122488891,-0.17138030167243012,-0.39964117682511385,21985.777901785714,-0.1350025155771103,26007.444754464286,-0.26876158893462443,28028.533463541666,-0.3214899165929481,0.0672559077183732,0.055889223478960505,20.184289097167806,0.5483113712620025,44074170414.14286,-0.21992593359999998,0.47951931073855125,-0.0383513625,20,0.4,0.55,0.05,1,19017.642578125,20553.271484375,0.07765301952407,1
2022-06-19,0.07765301952407,0.008385119181743271,-0.26398707578222447,21098.724051339286,-0.025852395890720303,25339.34542410714,-0.18887914662463245,27740.284505208332,-0.25908216692889163,0.08432730381532648,0.06267308169444977,28.387882965152116,-0.15899984979946202,44240845035.71429,-0.09853734015625,0.6214039213865183,0.00826978325,16,0.3125,0.5,0.1875,1,20553.271484375,20599.537109375,0.002248480532576946,1
2022-06-20,0.002248480532576946,0.0062357888317578925,-0.08768604347297716,20829.03097098214,-0.011017980717723197,24569.978655133928,-0.16159727289503767,27445.8615234375,-0.24944833333856375,0.059490223935027585,0.059611217149731194,28.62590284494202,-0.1276957643516694,38899973915.28571,-0.06604581245294117,0.521953598113632,0.0295628,51,0.29411764705882354,0.5294117647058824,0.17647058823529413,1,20599.537109375,20710.59765625,0.005376928208097346,1
2022-06-21,0.005376928208097346,0.08527842826474434,-0.06975269832382243,20615.28878348214,0.004623213080780397,23823.91573660714,-0.1306803681971267,27125.4240234375,-0.23648759782132145,0.05987363295818094,0.06006594657519763,29.233950653138237,-0.05997204069057227,35765207844.14286,0.02307216780526316,0.5598826975601917,0.0182222,57,0.24561403508771928,0.49122807017543857,0.2631578947368421,1,20710.59765625,19987.029296875,-0.03556200532463169,0
2022-06-22,-0.03556200532463169,-0.027936596583957328,-0.12166387873231761,20245.887276785714,-0.012785706863414403,23093.392438616072,-0.13451307121714629,26821.694661458332,-0.2548185508354349,0.05928314728897546,0.06008958022506526,27.585118682804733,-0.013649166800885681,32002748767.42857,0.030113212549830508,0.5376610275514674,0.062361874,59,0.23728813559322035,0.559322033898305,0.2033898305084746,1,19987.029296875,21085.876953125,0.053519949652552336,1
2022-06-23,0.053519949652552336,0.023334872536018184,0.03396847225033821,20346.491071428572,0.036339724579571575,22448.669503348214,-0.06070705214934691,26536.0376953125,-0.2053871344609317,0.05078408661126001,0.06380326897560708,33.700734681149626,-0.08352453384615155,31289051841.57143,-0.027325709596428573,0.5598843271290489,0.036930075,56,0.25,0.5178571428571429,0.23214285714285715,1,21085.876953125,21231.65625,0.006889809613761697,1
2022-06-24,0.006889809613761697,0.024847753941682437,0.036460470981537825,20455.087332589286,0.0379645857670563,21887.8017578125,-0.029977679580284966,26258.347526041667,-0.19143212538627785,0.05078910113165693,0.06430514938152262,34.49115010811079,-0.04697982624978403,30978389470.714287,-0.005734487278222216,0.4830196531613849,0.030968815,45,0.2222222222222222,0.6222222222222222,0.15555555555555556,1,21231.65625,21502.337890625,0.01266838104662478,1
2022-06-25,0.01266838104662478,0.07307814031293888,0.12279456325305156,20810.043805803572,0.03326730550314161,21397.91085379464,0.004880244503488118,25999.51796875,-0.17297167137984493,0.03707399120234154,0.06497495248734195,36.01647544426023,-0.26385539520579016,27601689750.0,-0.10731233786666668,0.4872767690801489,0.048453074,15,0.2,0.7333333333333333,0.06666666666666667,1,21502.337890625,21027.294921875,-0.02234031636729734,0
2022-06-26,-0.02234031636729734,-0.0027821257069107906,0.022801227361684242,20877.76143973214,0.007162333115766195,20988.242745535714,0.0018606691762030891,25746.175325520835,-0.18328471487445575,0.028271848461811418,0.06405356720701806,34.49830998217939,-0.018798067232702498,25129865160.285713,0.20938411783333333,0.4808262904853013,0.1668691715,12,0.16666666666666666,0.5,0.3333333333333333,1,21027.294921875,20735.478515625,-0.013975180844796839,0
2022-06-27,-0.013975180844796839,-0.023647116165469387,0.006577565984310451,20897.181640625,-0.007738035098744711,20863.106305803572,-0.006117391547924456,25476.861263020834,-0.18610545068508333,0.029023337550642087,0.045508522378228514,33.56240352247981,0.16300534853703286,23722327604.57143,-0.09368859481923077,0.5097789327997502,0.0149587355,52,0.2692307692307692,0.5576923076923077,0.17307692307692307,1,20735.478515625,20280.634765625,-0.022179692795419582,0
2022-06-28,-0.022179692795419582,-0.058495190007513735,-0.0209790550192065,20835.758370535714,-0.02664283176252058,20725.523577008928,-0.021465745351661347,25171.350520833334,-0.19429691510435565,0.03016747250247778,0.04569084160692276,32.10061293968482,0.01983427880531341,22638230807.0,-0.05341884424999999,0.5017694843815856,0.012748665,48,0.25,0.5416666666666666,0.20833333333333334,1,20280.634765625,20104.0234375,-0.00874651225988825,0
2022-06-29,-0.00874651225988825,-0.04490138590010456,0.00583643804553699,20852.471819196428,-0.03589254972676281,20549.179547991072,-0.02166296272079593,24783.93828125,-0.18882853849303427,0.026864821306269746,0.045216085924234074,31.526433085421004,0.10154580345382702,21920794642.714287,-0.14661833976785713,0.5537785686824441,-0.023174062500000002,56,0.35714285714285715,0.5,0.14285714285714285,1,20104.0234375,19784.7265625,-0.016009711756282033,0
2022-06-30,-0.016009711756282033,-0.046935916811589845,-0.06369322336329752,20666.593191964286,-0.04267111764735265,20506.542131696428,-0.035199282480722904,24383.685481770834,-0.18860803149339345,0.013829661467599294,0.03648284090771678,30.465462847853644,0.11525196462056453,21932100749.857143,-0.22205844002040817,0.5587768351165113,-0.011502534,49,0.46938775510204084,0.40816326530612246,0.12244897959183673,1,19784.7265625,19269.3671875,-0.02639361166796203,0
2022-07-01,-0.02639361166796203,-0.051149835684132436,-0.09697664464502136,20386.266183035714,-0.054786834700762066,20420.6767578125,-0.0563795991664201,24032.695052083334,-0.1982019850150103,0.013119714757452147,0.03698417239352165,28.781831562236462,0.17132790689818367,22762067355.714287,-0.010141544799999996,0.5128836934003586,0.05004042,55,0.23636363636363636,0.5454545454545454,0.21818181818181817,1,19269.3671875,19242.255859375,-0.0014079558563739067,0
2022-07-02,-0.0014079558563739067,-0.04381127928061795,-0.11105298154801999,20063.397321428572,-0.0409273389196434,20436.720563616072,-0.05844698519622582,23658.520638020833,-0.18666698760313016,0.008717110389328613,0.03114341661644009,28.692000748024256,-0.4117042774557852,22723193073.57143,-0.19353893861428573,0.49108161769559155,0.0008712448,21,0.3333333333333333,0.6190476190476191,0.047619047619047616,1,19242.255859375,19297.076171875,0.0028449039765122944,1
2022-07-03,0.0028449039765122944,-0.02495666354782366,-0.08586776120421043,19816.223214285714,-0.026198082086421715,20346.992327008928,-0.05160055787411155,23311.61015625,-0.17221178449137187,0.010594265146613142,0.022036179305917506,29.17337059250511,-0.09445067639357829,22489428995.0,-0.12535857094444444,0.4720842840104269,0.025352302,18,0.2222222222222222,0.7222222222222222,0.05555555555555555,1,19297.076171875,20231.26171875,0.04727542718300751,1
2022-07-04,0.04727542718300751,0.04871237530314578,-0.024617153176406135,19744.192243303572,0.024668999847872852,20320.686941964286,-0.0044006988282278,22991.555078125,-0.12005683608592621,0.024765041413737327,0.02602288384350655,36.98050838890566,0.31748354523199795,22579277923.714287,-0.06060738474749999,0.5176343747810145,0.01763285875,40,0.275,0.475,0.25,1,20231.26171875,20190.115234375,-0.002035878126304793,0
2022-07-05,-0.002035878126304793,0.04808445303321477,-0.0044733385072913325,19731.260881696428,0.02325519668660525,20283.509626116072,-0.004604449302048952,22667.670182291666,-0.10929905579145804,0.023365797788976836,0.02595214727526211,36.788160415196124,0.23713797530087333,23341279613.57143,-0.09085675774468087,0.5640499249227414,0.013617314,47,0.3404255319148936,0.48936170212765956,0.1702127659574468,1,20190.115234375,20548.24609375,0.017582449257883936,1
2022-07-06,0.017582449257883936,0.06282199831458671,0.021855623010480787,19794.721261160714,0.03806695849098829,20323.596540178572,0.011053631827777632,22306.92265625,-0.07883994532106608,0.023954903604692816,0.0244818076492794,39.72671197948121,-0.07922739829329617,23490737239.285713,-0.0034663644784313752,0.5018762123269409,0.020313846,51,0.23529411764705882,0.6078431372549019,0.1568627450980392,1,20548.24609375,21637.587890625,0.05165639338861742,1
2022-07-07,0.05165639338861742,0.06720296452019664,0.08952172815538048,20059.41573660714,0.07867488139935186,20363.004464285714,0.06259309271255886,21989.659635416665,-0.01601078646186116,0.02822073042441629,0.024183255374957528,47.69213725732949,0.04943418816819056,23426127610.285713,-0.05260164577966101,0.5057695461382781,0.04299111,59,0.2542372881355932,0.5423728813559322,0.2033898305084746,1,21637.587890625,21731.1171875,0.0043132227124235666,1
2022-07-08,0.0043132227124235666,0.07355206535892518,0.12022856253576625,20411.094308035714,0.06467183285438072,20398.680245535714,0.06531976215745106,21706.885026041666,0.001116335274695679,0.02302292072944547,0.0241516924010405,48.32359538814133,0.9329803450048375,26159310943.0,0.055240911765957454,0.5411583038270482,0.043470934,47,0.19148936170212766,0.5531914893617021,0.2553191489361702,1,21731.1171875,21592.20703125,-0.0064127411638449485,0
2022-07-09,-0.0064127411638449485,0.04955687493719631,0.11522377722829508,20746.801618303572,0.040748710500059904,20405.099469866072,0.05817700438740969,21422.8919921875,0.007903463226358376,0.02376205443050584,0.024020769868457047,47.4082137631197,-0.4059874514187387,27807983674.142857,-0.13256255305555553,0.3924760491838783,0.0053906705,18,0.2777777777777778,0.6666666666666666,0.05555555555555555,1,21592.20703125,20860.44921875,-0.03447747972502637,0
2022-07-10,-0.03447747972502637,-0.036576998176447564,0.0779013935267565,20970.140625,-0.005230837895251361,20393.18191964286,0.022912917706925606,21148.780143229167,-0.013633454153216373,0.030545357890658344,0.02509563606663207,42.807924177877524,-0.03212835265790914,29564838717.285713,-0.10992663811764705,0.43552831591938007,0.016874393,17,0.17647058823529413,0.7058823529411765,0.11764705882352941,1,20860.44921875,19970.556640625,-0.04359596339476734,0
2022-07-11,-0.04359596339476734,-0.08448618428363855,-0.012969997051018142,20932.897042410714,-0.04597263340262847,20338.54464285714,-0.018093133441648535,20869.105013020835,-0.0430563923002546,0.03190263971644804,0.027450940735531105,37.98117358199941,-0.1581996136893492,29929925976.857143,0.034033209808510635,0.5088020126221071,0.036267325,47,0.2553191489361702,0.5531914893617021,0.19148936170212766,1,19970.556640625,19323.9140625,-0.03291562138901987,0
2022-07-12,-0.03291562138901987,-0.11098906450881345,-0.04384974031373322,20809.15401785714,-0.07137435544388782,20270.207449776786,-0.046683951785959965,20621.147200520834,-0.06290790349375275,0.033998308114955564,0.0281777637901435,34.90162060640253,0.06873515015441956,29800593552.285713,-0.09649226704166668,0.6199391894958726,0.0111902805,48,0.3333333333333333,0.4375,0.22916666666666666,1,19323.9140625,20212.07421875,0.044936759944821686,1
2022-07-13,0.044936759944821686,-0.03157482483896555,-0.016495429626795555,20761.129464285714,-0.026446309025731196,20277.925362723214,-0.0032474300400704426,20545.303385416668,-0.01621923806212555,0.03847357093189755,0.03092096099603972,41.872859001324485,0.2802072327146483,31006805929.0,-0.039657137666666675,0.5563153941834329,0.008393664,48,0.22916666666666666,0.5416666666666666,0.22916666666666666,1,20212.07421875,20569.919921875,0.017549651263241726,1
2022-07-14,0.017549651263241726,0.02957078981904355,-0.050602171752171445,20608.60546875,-0.0018771550037027795,20334.010602678572,0.011601711231789658,20490.740950520834,0.00386413412503539,0.032129880809103596,0.030853141335680543,44.45382974781427,-0.057008125380978214,31770201759.42857,0.14769062534,0.5715156909001043,0.13286268499999998,50,0.22,0.46,0.32,1,20569.919921875,20836.328125,0.012868197042892807,1
2022-07-15,0.012868197042892807,0.07535460825095623,-0.042047197421702154,20480.778459821428,0.01736016362249515,20445.936383928572,0.01909385482478032,20432.8572265625,0.01974618106336057,0.03279784666410624,0.029762496382392145,46.36325645227376,-0.168593704754338,28342450455.285713,0.03914794449759999,0.5344564683428038,0.0582278435,50,0.26,0.5,0.24,1,20836.328125,21190.31640625,0.016846296291970084,1
2022-07-16,0.016846296291970084,0.04726414459810463,-0.018788159965887206,20423.36551339286,0.03755262042165408,20585.083565848214,0.02940152457801526,20459.812760416666,0.03570431725781131,0.03390920661836963,0.029832374123820164,48.877939180428925,-0.06186395325295191,27579854197.857143,-0.03703358666666669,0.4714603112336012,0.046790414,21,0.23809523809523808,0.5714285714285714,0.19047619047619047,1,21190.31640625,20779.34375,-0.01958489970974724,0
2022-07-17,-0.01958489970974724,0.01012959362511571,-0.0038955799506081453,20411.77901785714,0.018007481455746488,20690.959821428572,0.004271620520952979,20470.0748046875,0.015108344657425388,0.031995149021217646,0.030657112420111137,46.17146918859139,-0.05658373750908263,26756853459.857143,-0.20574004160625,0.3825981739590054,-0.0335604185,16,0.375,0.625,0.0,1,20779.34375,22485.689453125,0.07891967823012867,1
2022-07-18,0.07891967823012867,0.07618107481235145,0.11862006167428776,20771.08370535714,0.08254772702714774,20851.990373883928,0.07834739274036884,20585.6763671875,0.09229782165263312,0.037554205643094384,0.03486836102263549,56.8539111544104,0.743493572444931,29017457250.857143,0.05172781115121951,0.4754448759139626,0.02300275,41,0.1951219512195122,0.5609756097560976,0.24390243902439024,1,22485.689453125,23389.43359375,0.03940528200341783,1
2022-07-19,0.03940528200341783,0.09874006052379924,0.19094096506672542,21351.872209821428,0.09542776220772509,21080.513113839286,0.10952866599793132,20680.215104166666,0.13100533412911552,0.030911164919940098,0.03574044261162157,61.24115703125927,0.2199085043996556,32296740490.714287,0.06052177348076923,0.531562301994956,0.07720725249999999,52,0.19230769230769232,0.5576923076923077,0.25,1,23389.43359375,23231.732421875,-0.006765243636369361,0
2022-07-20,-0.006765243636369361,0.11155971659717709,0.13923896148553447,21783.251953125,0.06649514369419962,21272.19070870536,0.09211753222801478,20767.954947916667,0.11863361029707375,0.0321407475898377,0.03596133753498294,60.092877428812436,-0.11960687636716871,33709614602.42857,0.022058207509433967,0.5060248459769566,0.03149879,53,0.24528301886792453,0.5849056603773585,0.16981132075471697,1,23231.732421875,23164.62890625,-0.0028926217700481673,0
2022-07-21,-0.0028926217700481673,0.029747416597000347,0.11879668845224456,22153.924665178572,0.04562190475713068,21381.265066964286,0.08340777936667321,20849.755989583333,0.11102637929303305,0.03329687378206427,0.033850097924907056,59.580951958863835,-0.21665466207200645,34062795869.714287,-0.14256039957843136,0.4997699818293058,0.016764123,51,0.27450980392156865,0.5882352941176471,0.13725490196078433,1,23164.62890625,22714.978515625,-0.019601945764881813,0
2022-07-22,-0.019601945764881813,-0.029259811171299388,0.08632654564446995,22422.303292410714,0.013052861670698634,21451.540876116072,0.05889729072635652,20940.687630208333,0.08472935162153572,0.036106831215034545,0.0344780218598518,56.130342454754555,-0.06569699849049482,34850793053.57143,-0.10889999541304347,0.5534001521567327,-0.007298335499999999,46,0.32608695652173914,0.5,0.17391304347826086,1,22714.978515625,22465.478515625,-0.011044710597189035,0
2022-07-23,-0.011044710597189035,-0.0335392781321191,0.05843553875531082,22604.469308035714,-0.006148819090448843,21513.917410714286,0.04423002499939033,20986.674348958335,0.07046395927614246,0.037052219509265294,0.03459899047504496,54.252795713992825,-0.23549936738864163,34810628069.71429,-0.02225935553846153,0.5031240120596622,0.041416034,13,0.23076923076923078,0.6923076923076923,0.07692307692307693,1,22465.478515625,22609.1640625,0.006375470790258249,1
2022-07-24,0.006375470790258249,-0.02427118557181265,0.0843959092553163,22865.872209821428,-0.011226693867866788,21638.825613839286,0.044842472783741316,21032.591276041665,0.07495856148995861,0.03503467798119207,0.0328908716523715,55.18254840135323,-0.018995407579164958,34901727101.14286,-0.1903604497,0.3840296576579763,-0.0005968529999999996,10,0.4,0.6,0.0,1,22609.1640625,21361.701171875,-0.056755659782032404,0
2022-07-25,-0.056755659782032404,-0.061424899588963196,-0.05127942875684481,22705.30245535714,-0.059175661109289845,21738.19308035714,-0.017319374572228985,21027.903385416666,0.01587404033299067,0.028865582816101652,0.03455551485094391,46.371062271743085,0.5096038062680222,34273167936.0,-0.07598857310499998,0.5023234608728995,0.028937266500000003,44,0.2727272727272727,0.5909090909090909,0.13636363636363635,1,21361.701171875,21239.75390625,-0.0057250438268413185,0
2022-07-26,-0.0057250438268413185,-0.05610523281861544,-0.09640975458710396,22398.20535714286,-0.05172072638951075,21875.03878348214,-0.029041542898284867,21034.9853515625,0.009734665903738726,0.020522958554350497,0.03300121205118521,45.604436147647334,-0.19536115910701946,31395949530.0,-0.07675628792156863,0.6126136735182873,0.04354923,51,0.3137254901960784,0.49019607843137253,0.19607843137254902,1,21239.75390625,22930.548828125,0.07659542154936112,1
2022-07-27,0.07659542154936112,0.014114717940487518,-0.013049089401373374,22355.179129464286,0.025737646534997882,22069.21554129464,0.039028722394716775,21108.154361979166,0.08633604032327913,0.04010766741207658,0.03669674299678603,56.373749422057834,0.10949579351984551,29799721830.857143,0.06825304609090908,0.5201115478900298,0.093607153,44,0.20454545454545456,0.5227272727272727,0.2727272727272727,1,22930.548828125,23843.88671875,0.03905783089201425,1
2022-07-28,0.03905783089201425,0.10992820861453399,0.028901363260688928,22452.215959821428,0.061983670628279475,22303.0703125,0.06908539428252758,21226.929427083334,0.12328477845352914,0.0429610198648719,0.03752251896289172,60.87937906846013,0.2661747171146309,30739918110.0,-0.07471114099361702,0.5446404145612742,0.040531844,47,0.3191489361702128,0.46808510638297873,0.2127659574468085,1,23843.88671875,23804.6328125,-0.001647644691440151,0
2022-07-29,-0.001647644691440151,0.11400560774993514,0.04685566433413076,22607.880859375,0.05293516719099012,22515.09207589286,0.057274504241884294,21350.283072916667,0.11495630906630616,0.04182914576094872,0.0376538549966564,60.589749533062104,-0.10755731816077618,31377874410.0,-0.03972941638500001,0.586439433910847,-0.0077324232000000005,40,0.325,0.4,0.275,1,23804.6328125,23656.20703125,-0.006254683466181995,0
2022-07-30,-0.006254683466181995,0.031155502734392073,0.05164569146513774,22777.984933035714,0.03855574146686558,22691.227120535714,0.04252656348589334,21479.332421875,0.1013474053391914,0.041528698091886085,0.03781360298225222,59.438286342504114,-0.21564849632598537,31967362857.42857,0.231278982,0.6013479916547523,0.35724932,16,0.1875,0.375,0.4375,1,23656.20703125,23336.896484375,-0.013589886059606543,0
2022-07-31,-0.013589886059606543,-0.021492214217228616,0.03168033461527311,22881.946707589286,0.019882476897598034,22873.90945870536,0.020240834934906138,21614.916731770834,0.0796662681597613,0.04228769904770831,0.03751160234999269,56.93163925194653,-0.16322974178570904,31965662370.714287,-0.023934522153846165,0.4846577227728213,-0.007915871,13,0.23076923076923078,0.6153846153846154,0.15384615384615385,1,23336.896484375,23314.19921875,-0.0009730647082914476,0
2022-08-01,-0.0009730647082914476,-0.020817634234079938,0.08746292968901405,23160.875,0.00661996659236741,22933.088727678572,0.016618367268228296,21750.648177083334,0.07188526194424116,0.03306506994025291,0.03154250425841372,56.7484391145926,0.09746145110843352,30576319190.0,0.07042883387309525,0.533592540575408,0.0925631675,42,0.21428571428571427,0.5476190476190477,0.23809523809523808,1,23314.19921875,22978.1171875,-0.01452024708261338,0
2022-08-02,-0.01452024708261338,-0.029083197850511205,0.078667726433242,23409.21261160714,-0.01841563111325617,22903.708984375,0.003248740331784683,21873.349544270834,0.050507474449359435,0.03402594763864097,0.029952756515634223,53.9786266002238,0.09826592664560208,30542687313.142857,-0.03321911872148147,0.5904795281801147,0.0296031615,54,0.2962962962962963,0.5,0.2037037037037037,1,22978.1171875,22846.5078125,-0.005744061707541017,0
2022-08-03,-0.005744061707541017,-0.021237373498445726,-0.0036717568236602116,23397.20675223214,-0.023536952319302085,22876.192940848214,-0.001297642856264214,21960.5244140625,0.04034436435726274,0.018234069117053164,0.029939578380698474,52.889957522636664,-0.07400972896201996,29761146560.714287,0.07769814337021277,0.5511627443117967,0.0766554,47,0.2127659574468085,0.5106382978723404,0.2765957446808511,1,22846.5078125,22630.95703125,-0.009479525568520927,0
2022-08-04,-0.009479525568520927,-0.02974383435867535,-0.05220911328419538,23223.931082589286,-0.025532888864961856,22838.07352120536,-0.009068912479113012,22041.885807291666,0.02672508283131858,0.005350422015187696,0.030019967152399123,51.073128832765455,-0.044428356881082376,27605124219.42857,-0.1072629712431818,0.5632984094953691,0.045860620500000004,44,0.29545454545454547,0.5227272727272727,0.18181818181818182,1,22630.95703125,23289.314453125,0.028675899088160428,1
2022-08-05,0.028675899088160428,0.013452311812098428,-0.021885569504594832,23150.31417410714,0.006004250221939733,22879.097516741072,0.017929769130262452,22133.254752604167,0.05223179841567638,0.014789229677356103,0.030568860492648262,56.04012708601664,0.1497207353828165,26604266976.142857,-0.058081344838461536,0.4989377881842603,0.040629655,39,0.2564102564102564,0.6410256410256411,0.10256410256410256,1,23289.314453125,22961.279296875,-0.014185359813054537,0
2022-08-06,-0.014185359813054537,0.005011013706584868,-0.02981624585146729,23051.03878348214,-0.0038939454074173874,22914.511858258928,0.002040952864514889,22177.377799479167,0.03534689738722152,0.015361507565753866,0.03068155980022,53.145096847968944,-0.4467600808673239,24865701488.142857,0.124139733264,0.36361029008514384,0.022809554,15,0.13333333333333333,0.6666666666666666,0.2,1,22961.279296875,23175.890625,0.009303252730044901,1
2022-08-07,0.009303252730044901,0.023793792005150985,-0.006923107061815827,23028.037946428572,0.0064205504140382175,22954.992327008928,0.009623104849883157,22225.5369140625,0.04275953893092188,0.015480499315268901,0.030726857197823015,54.79060348236172,-0.005722953729513702,23770447937.714287,-0.005320347642857152,0.37553874918456615,0.02103896,7,0.2857142857142857,0.42857142857142855,0.2857142857142857,1,23175.890625,23809.486328125,0.02697154534457858,1
2022-08-08,0.02697154534457858,0.0220894382615691,0.02102150299105401,23098.79324776786,0.03076754152192862,23129.834123883928,0.029384223016941657,22299.446223958334,0.06771648448131828,0.018744379301619433,0.026287204304684605,59.331550856961854,0.7986954069941195,24159931610.0,-0.06201545485319148,0.4932696353863068,0.018225553,47,0.19148936170212766,0.6808510638297872,0.1276595744680851,1,23809.486328125,23164.318359375,-0.02747099349637511,0
2022-08-09,-0.02747099349637511,0.008803804578248477,0.008070756577292336,23125.393415178572,0.0016832121943870515,23267.30301339286,-0.0044261534720453355,22376.241861979168,0.03521934122167769,0.021235788279381614,0.027746570201211893,53.44488770298938,-0.1756685884688216,23469427110.285713,0.04125909555886793,0.5346890339285643,0.037631523,53,0.20754716981132076,0.5660377358490566,0.22641509433962265,1,23164.318359375,23947.642578125,0.03325679505388167,1
2022-08-10,0.03325679505388167,0.03275734690208502,0.04707161333871506,23282.698381696428,0.028559584697936735,23339.952566964286,0.02603647155739508,22508.811393229167,0.06392301929050981,0.024053911224122027,0.020848080924922453,58.79090110505052,0.3940322270233798,24405035932.57143,-0.058980826833333326,0.5662471252758857,0.040943296500000004,36,0.3055555555555556,0.5277777777777778,0.16666666666666666,1,23947.642578125,23957.529296875,0.00041276206736784357,1
2022-08-11,0.00041276206736784357,0.006198563624874361,0.0569639009746038,23472.20870535714,0.020676392137187083,23348.069893973214,0.026103202777335577,22663.265234375,0.05710845498718764,0.023219358014882837,0.01809788064225567,58.85512161600041,0.13063155773921586,26120294048.42857,0.04869655827021276,0.5504114736125734,0.03232492,47,0.2127659574468085,0.5531914893617021,0.23404255319148937,1,23957.529296875,24402.818359375,0.018415982056898608,1
2022-08-12,0.018415982056898608,0.05208553917814805,0.04670398394334214,23631.280691964286,0.03264899932711107,23390.797433035714,0.04326577275685217,22802.956705729168,0.07016027238449607,0.021998556761363346,0.01871236636719164,61.746632569471004,-0.2656078373169206,25889516283.42857,-0.013535046647058816,0.5104460211530958,0.026003379,34,0.2647058823529412,0.5588235294117647,0.17647058823529413,1,24402.818359375,24424.068359375,0.0008704221288590054,1
2022-08-13,0.0008704221288590054,0.019699166253125542,0.061759765885255426,23840.250558035714,0.024488744357701542,23445.644670758928,0.04173157541009509,22931.4283203125,0.06509145519471748,0.02028901815788256,0.018573622501673326,61.88429473871926,-0.15691663781641474,26890814341.142857,-0.072676924625,0.659382253554808,0.019597754000000002,16,0.375,0.375,0.25,1,24424.068359375,24319.333984375,-0.0042973830773317305,0
2022-08-14,-0.0042973830773317305,0.01498902110842585,0.04815913007787888,24003.599609375,0.013153626128503015,23515.818777901786,0.034169135851152665,23047.528515625,0.05518185899576111,0.020878015681846832,0.018123385758913146,60.72438798378282,0.0002952609629085501,27906145271.42857,-0.14722046962,0.4818956438709975,0.0099434469,10,0.3,0.5,0.2,1,24319.333984375,24136.97265625,-0.00752687118445491,0
2022-08-15,-0.00752687118445491,-0.010953832132927683,0.013660713548845241,24050.383370535714,0.003600328709120193,23574.588309151786,0.02385553205524671,23145.750390625,0.042825237846965125,0.019361509476120572,0.018316005851988375,58.6626544861237,0.5274983769659156,28841567676.857143,0.01571836096,0.5410948497902244,0.031548668,41,0.24390243902439024,0.4634146341463415,0.2926829268292683,1,24136.97265625,23883.291015625,-0.010565706274135412,0
2022-08-16,-0.010565706274135412,-0.022389960535922022,0.030566000771084952,24153.09375,-0.011170524868061693,23639.243582589286,0.010323825810376608,23249.215299479165,0.027272994291555275,0.015808107786696078,0.018062445705506067,55.8232611463179,-0.2098257771988431,29441277166.42857,-0.2210532036171795,0.4958263559486479,-0.039789893,39,0.41025641025641024,0.48717948717948717,0.10256410256410256,1,23883.291015625,23335.998046875,-0.023181944883864696,0
2022-08-17,-0.023181944883864696,-0.041274522342455086,-0.025872739166661333,24065.715959821428,-0.03032188671073477,23674.207170758928,-0.014285974666204071,23277.558919270832,0.002510535052530294,0.012705681374482065,0.019255793654950008,50.18023510522548,0.11450505963549462,29169018788.42857,-0.018483231883333336,0.5561188126832329,0.034681482,48,0.25,0.5208333333333334,0.22916666666666666,1,23335.998046875,23212.73828125,-0.005295957030778942,0
2022-08-18,-0.005295957030778942,-0.03904360818877902,-0.031581458264808134,23959.317243303572,-0.031160277000891412,23715.76297433036,-0.021210563355049006,23271.669075520833,-0.00253229770841068,0.01258058773918658,0.01910392366633117,48.97936467727277,-0.23225454129415246,27257672583.714287,-0.24328902302222222,0.5738969595068506,-0.0384440575,36,0.4166666666666667,0.4444444444444444,0.1388888888888889,1,23212.73828125,20877.552734375,-0.10602664190168617,0
2022-08-19,-0.10602664190168617,-0.13450454381632979,-0.15602408222339292,23455.707868303572,-0.10991589545726366,23543.494280133928,-0.11323474391855493,23193.196419270833,-0.09984150709696071,0.037676178828696366,0.03323136250953901,32.91056251724831,0.705839235684093,29149644808.285713,-0.19631746048947368,0.5419016060646928,-0.0115877473,38,0.3684210526315789,0.5526315789473685,0.07894736842105263,1,20877.552734375,21166.060546875,0.013724431302661714,1
2022-08-20,0.013724431302661714,-0.09759816762980335,-0.14317007304959012,22990.278180803572,-0.0793473493266279,23415.26436941964,-0.09605716113468721,23126.577473958332,-0.08477332754018496,0.03927249977597335,0.033653862880094414,35.71657891625847,-0.3187870526799781,29807976909.857143,-0.034142946,0.25712093446311635,0.0331205,12,0.08333333333333333,0.9166666666666666,0.0,1,21166.060546875,21534.12109375,0.017239723512555944,1
2022-08-21,0.017239723512555944,-0.07506248708646851,-0.12163296645970251,22592.390625,-0.046841857013527055,23297.9951171875,-0.07570926230198438,23087.215559895834,-0.0672707569311074,0.041527989204365255,0.03399324850911552,39.20972337693615,-0.16282855658773432,29823430362.42857,0.2955255333,0.46720488671793386,0.025510777999999998,8,0.0,0.625,0.375,1,21534.12109375,21398.908203125,-0.006298802571622582,0
2022-08-22,-0.006298802571622582,0.024665352243595003,-0.12040489784687014,22201.23856026786,-0.03613899084795824,23125.810965401786,-0.07467425747189504,23051.663216145833,-0.07169786394689348,0.04157909566384262,0.032706107637256676,38.38452707511516,0.37070716647383817,29329572801.42857,-0.2910684836565217,0.5781972911035003,-0.30125101,46,0.43478260869565216,0.43478260869565216,0.13043478260869565,1,21398.908203125,21528.087890625,0.0060185938546632,1
2022-08-23,0.0060185938546632,0.01695951479559638,-0.10382059771807157,21864.78097098214,-0.01539887734544354,23008.937360491072,-0.06435975059017096,23015.62734375,-0.06463171439595572,0.0424828364269045,0.032365827990747026,39.690428962885235,0.006687884966963598,29918800660.42857,-0.1327535739068182,0.482202192778261,0.0156887005,44,0.29545454545454547,0.6363636363636364,0.06818181818181818,1,21528.087890625,21395.01953125,-0.00620033327852915,0
2022-08-24,-0.00620033327852915,-0.006480541995488628,-0.08683898611273601,21587.49832589286,-0.008916215845723663,22826.60714285714,-0.0627157423198178,23016.737955729168,-0.07045822164715143,0.04241131822413428,0.030415604772877327,38.77867228031348,0.00263416681402151,30066033559.285713,-0.006398875653333331,0.46354991709462123,0.026986754,45,0.15555555555555556,0.6888888888888889,0.15555555555555556,1,21395.01953125,21600.904296875,0.009577016652955654,1
2022-08-25,0.009577016652955654,0.009395277229089788,-0.07196601242900136,21357.236328125,0.011409152617238183,22658.276785714286,-0.04666605933183521,23028.776302083334,-0.06200381585534609,0.04319221808801178,0.030708965211883044,41.0355974413199,-0.029208634455500482,31106185908.714287,0.07120779509302325,0.48615853848645363,0.09254948,43,0.20930232558139536,0.5581395348837209,0.23255813953488372,1,21600.904296875,20260.01953125,-0.06408571655966329,0
2022-08-26,-0.06408571655966329,-0.06070903318523679,-0.030025087086978507,21269.01729910714,-0.04743979252391217,22362.36258370536,-0.0940125643963603,22939.758658854167,-0.11681636095024284,0.02789809540763615,0.033190326421507176,32.605120398286346,0.3641182969818937,31365782952.142857,-0.10270512788095239,0.4534147232094254,0.0113184925,42,0.23809523809523808,0.6428571428571429,0.11904761904761904,1,20260.01953125,20041.73828125,-0.010832449813926528,0
2022-08-27,-0.010832449813926528,-0.06534114972063411,-0.054581968203566845,21108.399832589286,-0.05053256333018985,22049.339006696428,-0.09105038136683896,22813.020377604167,-0.12147808797272497,0.026776831150768274,0.032952796578881186,31.471623854493117,-0.2884712002439458,31725934205.857143,-0.3981587333076923,0.5015909494955193,-0.2762012,13,0.46153846153846156,0.5384615384615384,0.0,1,20041.73828125,19616.814453125,-0.0214299343072556,0
2022-08-28,-0.0214299343072556,-0.09634810068084547,-0.09325162602337832,20834.498883928572,-0.0584455828569449,21713.444754464286,-0.09655908240484135,22673.426432291668,-0.13481032468976184,0.02465548738900893,0.032877789350411885,29.333753491994457,-0.19092110025777453,31906577472.714287,-0.11874554046666665,0.605460008788213,0.03007776,15,0.3333333333333333,0.5333333333333333,0.13333333333333333,1,19616.814453125,20297.994140625,0.034134991629983055,1
2022-08-29,0.034134991629983055,0.001872607508800721,-0.052817831821772694,20677.225446428572,-0.018340531556620188,21439.232003348214,-0.05323128470949823,22561.486002604168,-0.10032547775079637,0.030595794150819842,0.0354268796590855,36.751129206011676,0.3394389042468673,32045342518.42857,-0.12294397950731709,0.5484119013140094,-0.013997797,41,0.3170731707317073,0.5365853658536586,0.14634146341463414,1,20297.994140625,19796.80859375,-0.02500132778356697,0
2022-08-30,-0.02500132778356697,-0.012296270460839646,-0.08383775346000293,20429.899832589286,-0.030988465143103383,21147.340401785714,-0.06386296254642365,22443.483072916668,-0.11792619133883464,0.030550179219341427,0.03557997652142054,33.929276231464,0.05654496158324296,32417496750.42857,-0.1066768966978261,0.48967863233346776,0.010436005,46,0.2826086956521739,0.5869565217391305,0.13043478260869565,1,19796.80859375,20049.763671875,0.012696624168793951,1
2022-08-31,0.012696624168793951,0.021830288015209882,-0.06494079601267992,20237.72042410714,-0.009287446821740208,20912.609375,-0.04125959069251728,22334.6685546875,-0.10230305756352742,0.031948599999178026,0.03610971521464217,36.57622379515259,-0.03648505832015003,32597922393.857143,-0.017425703105999998,0.5573226111738686,0.0217934225,50,0.28,0.52,0.2,1,20049.763671875,20127.140625,0.0038518173635346637,1
2022-09-01,0.0038518173635346637,-0.00845288625123838,-0.0706659953021009,20027.182756696428,0.004991109808999417,20692.209542410714,-0.02730829282646441,22239.636002604166,-0.09498785759608663,0.031454953655624854,0.036300044071286924,37.40235152149757,-0.09159309352996614,32476972596.285713,-0.09690080238809524,0.4813123572220495,-0.0005341719999999999,42,0.23809523809523808,0.6190476190476191,0.14285714285714285,1,20127.140625,19969.771484375,-0.007849479691159277,0
2022-09-02,-0.007849479691159277,0.008698961841169311,-0.014429758433596883,19985.71875,-0.0007979330553222752,20627.368024553572,-0.03187980838834159,22143.744791666668,-0.09817550408681541,0.020715363756006914,0.023634968529011275,36.36489461200402,-0.03505503263347154,30590859648.285713,0.05205822257948718,0.49227566866378963,0.026676087,39,0.20512820512820512,0.5384615384615384,0.2564102564102564,1,19969.771484375,19832.087890625,-0.006918477935497839,0
2022-09-03,-0.006918477935497839,-0.010916140263122464,-0.01051578655516817,19955.768694196428,-0.006197746900493795,20532.08426339286,-0.0340928063506879,22050.449153645834,-0.10060390369209549,0.020490766881359958,0.023138252226486335,35.438712479627284,-0.18922358446118948,29661762745.57143,-0.13018744291666665,0.4609563305397628,-0.0681436765,12,0.16666666666666666,0.75,0.08333333333333333,1,19832.087890625,19986.712890625,0.007766470822269511,1
2022-09-04,0.007766470822269511,-0.007001486804387534,0.0186806185743569,20008.611328125,-0.0010944506413205213,20421.555106026786,-0.021293295889765806,21940.362434895833,-0.08904363134692717,0.01864694044807755,0.022580667225033577,37.36798100748936,0.0691486315512162,29787341468.57143,-0.2832262171428571,0.3846238983638807,-0.3309313,7,0.42857142857142855,0.5714285714285714,0.0,1,19986.712890625,19812.37109375,-0.008761151996171085,0
2022-09-05,-0.008761151996171085,-0.007913159109399347,-0.024215525051797002,19939.23660714286,-0.006362606347096178,20308.231026785714,-0.02441669746526398,21835.398828125,-0.09264899397070991,0.012674728390954595,0.02259840582616368,36.059560290017856,0.14131418535747908,29240999461.0,0.0561776831512195,0.40334994080677616,0.035387773,41,0.14634146341463414,0.6585365853658537,0.1951219512195122,1,19812.37109375,18837.66796875,-0.0504480646723607,0
2022-09-06,-0.0504480646723607,-0.05144274584626222,-0.049662261940590716,19802.21651785714,-0.04870912042787412,20116.058175223214,-0.06355073122863586,21690.79140625,-0.13153616131672807,0.02087769619379874,0.02526562868636336,29.781208819880575,0.5063785769685605,30515373550.57143,0.15664933070357143,0.49613433063825524,0.048736985,56,0.125,0.5892857142857143,0.2857142857142857,1,18837.66796875,19290.32421875,0.02374515374913594,1
2022-09-07,0.02374515374913594,-0.03546406291939594,-0.03861373236024885,19693.725167410714,-0.020483729981581322,19965.722795758928,-0.03382790515114209,21540.152669270832,-0.10444811998618919,0.022939153830045116,0.026791237208306812,35.40590253319995,-0.18809846426588817,30803162730.857143,-0.16407814439272728,0.5213063635671882,-0.00795063,55,0.3090909090909091,0.6,0.09090909090909091,1,19290.32421875,19329.833984375,0.00204607030353663,1
2022-09-08,0.00204607030353663,-0.024656840619688185,-0.040419479420246804,19579.82421875,-0.012767746614170572,19803.503487723214,-0.023918469963754463,21412.3365234375,-0.09725713664097502,0.022826121237466582,0.02649821775282914,35.8886291087027,-0.08641601224492712,31090655136.57143,0.03005756757894737,0.5874026782319793,0.046471197,57,0.2631578947368421,0.47368421052631576,0.2631578947368421,1,19329.833984375,21381.15234375,0.10086009766789074,1
2022-09-09,0.10086009766789074,0.12665132172056337,0.0682900979388032,19781.450055803572,0.08086880807188845,19883.584402901786,0.07531679955197923,21326.786848958334,0.0025491648215314466,0.04619615209769204,0.03493732841308175,54.782723225835376,0.5055230402191473,33854302171.285713,0.0506074354,0.5784072759797934,0.09882778,50,0.24,0.48,0.28,1,21381.15234375,21680.5390625,0.01390523841339878,1
2022-09-10,0.01390523841339878,0.11681140638482614,0.08911381428769972,20045.514508928572,0.08156560675173297,20000.6416015625,0.08399217857122454,21250.887174479165,0.020218068285488666,0.045610213322317024,0.034762914166589345,56.78449583206804,-0.23841348808330243,35754400376.57143,0.09282828360624999,0.5127781760314395,0.07219587,16,0.125,0.6875,0.1875,1,21680.5390625,21769.255859375,0.004083651963045384,1
2022-09-11,0.004083651963045384,0.11884898804433484,0.08543099542847578,20300.163504464286,0.0723684986373454,20154.38741629464,0.08012490827554264,21163.1017578125,0.028642025564080464,0.0456981737204543,0.03389400545436073,57.38652194162404,-0.06555247459349922,37075556135.28571,0.05121613994166666,0.4594088777847013,-0.0004923659999999999,12,0.16666666666666666,0.6666666666666666,0.16666666666666666,1,21769.255859375,22370.44921875,0.027242163871664303,1
2022-09-12,0.027242163871664303,0.045231054248108374,0.12143431129631108,20665.60323660714,0.08249679250218489,20302.419921875,0.10186122170819578,21094.647786458332,0.06047986414405404,0.04496543021213695,0.03352439834500262,61.31900109175895,0.45567805680427953,40132503126.71429,-0.06437013008846154,0.49979783640548736,0.030890305,52,0.2692307692307692,0.5384615384615384,0.19230769230769232,1,22370.44921875,20296.70703125,-0.09728219892342403,0
2022-09-13,-0.09728219892342403,-0.06595638308871439,0.0746001770452477,20874.03738839286,-0.027657819443395626,20338.126953125,-0.0020365652142139146,20960.560221354168,-0.03167153850343407,0.05825482095868286,0.04303840300581594,45.66492429980015,0.017506295298981067,41230665657.0,0.07439761524920635,0.4818832899734503,0.104283504,63,0.1746031746031746,0.6190476190476191,0.20634920634920634,1,20296.70703125,20241.08984375,-0.0027439686753737906,0
2022-09-14,-0.0027439686753737906,-0.07278400372713356,0.04811105462073796,21009.86104910714,-0.036590970476209406,20351.793108258928,-0.005439484566301056,20830.6974609375,-0.028304746794635793,0.05812314657118647,0.04293488579526361,45.33068033872232,-0.258728652004211,41606754764.85714,-0.020825617590476193,0.45369691558404507,0.023061687,63,0.19047619047619047,0.6666666666666666,0.14285714285714285,1,20241.08984375,19701.2109375,-0.02703458624126178,0
2022-09-15,-0.02703458624126178,-0.1270607538400598,0.01903039807593958,21062.914899553572,-0.0646493597181288,20321.369559151786,-0.03051756033699493,20691.294791666667,-0.04785026090128586,0.05954748039544571,0.04354842974412452,42.108687631024225,-0.039167576771779955,42205973858.14286,-0.08837708054909091,0.48328894871926087,0.01811729,55,0.23636363636363636,0.6363636363636364,0.12727272727272726,1,19701.2109375,19772.583984375,0.0036162281734326176,1
2022-09-16,0.0036162281734326176,-0.02616232674320307,-0.07821347141851871,20833.11941964286,-0.05090622359068875,20307.284737723214,-0.026330489785024946,20572.514322916668,-0.03888345031557905,0.04141972594029556,0.043528206198542134,42.68864431581496,-0.17218520018009953,39585093015.57143,-0.0017994045283333297,0.4525148088893816,0.02501004,48,0.1875,0.6458333333333334,0.16666666666666666,1,19772.583984375,20127.576171875,0.017794492715736767,1
2022-09-17,0.017794492715736767,-0.005623865352092501,-0.07432421711618069,20611.267578125,-0.02346732943117713,20328.391043526786,-0.009878542341191898,20469.6755859375,-0.016712498086560834,0.0418361917095505,0.043757505088055704,45.60735841762342,-0.17149195120327865,37877051473.57143,0.22077374287647059,0.4490780919400467,0.13354617,17,0.058823529411764705,0.5882352941176471,0.35294117647058826,1,20127.576171875,19419.505859375,-0.03581280604750071,0
2022-09-18,-0.03581280604750071,-0.014402085158331322,-0.11422067512672675,20275.589006696428,-0.04222235650163797,20287.87625558036,-0.042802429651378926,20421.0740234375,-0.04904581232666749,0.0422154632053174,0.04478152928308138,41.11015751238753,0.252322714196088,37414312499.42857,-0.01717923068749999,0.5422287443347292,0.0485746395,16,0.25,0.5625,0.1875,1,19419.505859375,19544.12890625,0.006396912022913548,1
2022-09-19,0.006396912022913548,-0.011621401308850286,-0.1350659269754775,19871.828962053572,-0.016490684195668903,20268.71609933036,-0.035749042491364236,20367.009635416667,-0.04040262875585532,0.03926259486932264,0.04479019705569637,42.19062647572133,0.2854674940716324,35980728736.42857,-0.19007443219565218,0.5069759679598906,-0.006190675500000001,46,0.3695652173913043,0.5434782608695652,0.08695652173913043,1,19544.12890625,18890.7890625,-0.03400047754708742,0
2022-09-20,-0.03400047754708742,-0.06341637157167443,-0.07178420559914075,19670.983537946428,-0.03966219960183426,20272.51046316964,-0.068157389938454,20278.898567708333,-0.0684509319169202,0.021646748972484697,0.04359237278196712,38.2305141467432,-0.08426850921869311,33937904434.42857,-0.018892743558181824,0.44002640271494337,0.03189524,55,0.2,0.6545454545454545,0.14545454545454545,1,18890.7890625,18547.400390625,-0.018344813515223775,0
2022-09-21,-0.018344813515223775,-0.04594837903939761,-0.0873850504389907,19429.027901785714,-0.04537682047796554,20219.444475446428,-0.08269485775694196,20183.848307291668,-0.0810771014403373,0.021547443771858705,0.0432940980498605,36.301870305771814,0.2601820366894847,35150963446.71429,-0.0019994507000000027,0.42363079701712236,0.018698821,58,0.15517241379310345,0.7241379310344828,0.1206896551724138,1,18547.400390625,19413.55078125,0.045641677549128984,1
2022-09-22,0.045641677549128984,-0.006703613513182097,-0.014708786648599845,19387.93359375,0.0013212954013963607,20225.424246651786,-0.040141232910661295,20113.363736979165,-0.03479343211213015,0.029433595058824202,0.045195935068762114,43.97878079977867,-0.11276096282843084,35829071507.14286,0.011645341010416666,0.5028350998689379,-0.019251033,48,0.1875,0.625,0.1875,1,19413.55078125,19297.638671875,-0.00598857629671097,0
2022-09-23,-0.00598857629671097,0.02130828773719425,-0.02431359111874346,19320.08426339286,-0.0011617750322335807,20076.60184151786,-0.03879955262309298,20043.451041666667,-0.03720977830819949,0.02934638496039946,0.034716808300644775,43.22794567623371,-0.054446288155578504,37082316618.42857,-0.11982908757111112,0.4571482400858975,0.019308778,45,0.2222222222222222,0.7111111111111111,0.06666666666666667,1,19297.638671875,18937.01171875,-0.018864440709329067,0
2022-09-24,-0.018864440709329067,0.020788660543088998,-0.060972524543809255,19150.00362723214,-0.011122290764439158,19880.635602678572,-0.04746447260476094,19954.654622395832,-0.05099777084107959,0.028165707391363443,0.03427735007309827,40.88899079996072,-0.3277048875457147,37252630199.57143,-0.01895689141176471,0.4033227024018977,0.015277363,17,0.17647058823529413,0.7058823529411765,0.11764705882352941,1,18937.01171875,18802.09765625,-0.007149858037088313,0
2022-09-25,-0.007149858037088313,-0.03200287504312832,-0.0323095765333969,19061.80245535714,-0.013624356863175535,19668.695731026786,-0.044059763119409734,19906.0572265625,-0.055458474661641444,0.025528966192537476,0.03406157947615548,40.01665882523397,-0.10668126666499989,36124799766.42857,-0.20356902676470587,0.3676540689829975,-0.1463253,17,0.23529411764705882,0.7058823529411765,0.058823529411764705,1,18802.09765625,19222.671875,0.022121968157295297,1
2022-09-26,0.022121968157295297,-0.0038923305891219915,-0.016584520399015062,19015.880022321428,0.010874692753416237,19443.8544921875,-0.011375451162544459,19878.755013020833,-0.0330042368141813,0.027290618562967755,0.033650555403200465,44.025645426655714,0.8899341766733466,36692199151.71429,-0.21985836676530612,0.47896451807739143,-0.2047194,49,0.42857142857142855,0.4897959183673469,0.08163265306122448,1,19222.671875,19110.546875,-0.005850034170169328,0
2022-09-27,-0.005850034170169328,0.00912207595003766,0.011565922977903082,19047.273995535714,0.0033218863486248473,19359.128766741072,-0.012840551593837013,19861.879427083335,-0.037827867943797444,0.02368909680490183,0.022659285752570937,43.19675042359734,0.32668253376082634,39803641024.71429,-0.009371520678181816,0.5288696068850939,0.038953908,55,0.2909090909090909,0.509090909090909,0.2,1,19110.546875,19426.720703125,0.016409099157190264,1
2022-09-28,0.016409099157190264,0.03268103314431637,0.04631983565031697,19172.891183035714,0.013238979852651322,19300.959542410714,0.006515798369399528,19832.836979166666,-0.020476963354676414,0.02240674153309454,0.023328844347065766,46.26880170478147,-0.0939048266659952,40761855990.28571,-0.0362672632773585,0.5438303181915499,0.017738666,53,0.2830188679245283,0.5094339622641509,0.20754716981132076,1,19426.720703125,19573.05078125,0.007504185755091534,1
2022-09-29,0.007504185755091534,0.018063250742112586,0.008182343856279724,19195.676897321428,0.01965931631101947,19291.805245535714,0.01457849756073859,19825.378385416665,-0.01272750508269116,0.014619974693504373,0.022391464575035117,47.67913755017517,-0.2267412942598821,40747866825.28571,0.024881023899999993,0.5428677150547325,0.029199328,55,0.23636363636363636,0.5272727272727272,0.23636363636363636,1,19573.05078125,19431.7890625,-0.007243323491751529,0
2022-09-30,-0.007243323491751529,0.0166699614205303,0.006927596661239069,19214.841238839286,0.011290638364588323,19267.462751116072,0.008528694904284206,19804.779231770834,-0.018833341432682227,0.014729636226329355,0.022427232915481685,46.41263006100994,0.07157793987401839,41473462544.28571,0.07452582977115384,0.515961083841489,0.060854069999999996,52,0.17307692307692307,0.6153846153846154,0.21153846153846154,1,19431.7890625,19312.095703125,-0.006178716506548767,0
2022-10-01,-0.006178716506548767,-0.005917854243208701,0.019613320864019262,19268.424665178572,0.0022664560650538235,19209.21414620536,0.00535584413482959,19777.611067708334,-0.023537492116193937,0.012489888140538717,0.021767458104478173,45.31427029560027,-0.5743164965478558,40412018901.71429,-0.028470546352941172,0.6079319780591428,0.005755244,17,0.23529411764705882,0.5294117647058824,0.23529411764705882,1,19312.095703125,19044.107421875,-0.013973887936277964,0
2022-10-02,-0.013973887936277964,-0.027395927934578235,0.01278929096482979,19302.997488839286,-0.013411910099142554,19182.399972098214,-0.007209345568039871,19746.755598958334,-0.035582968227975575,0.013612010411608496,0.019937148908794507,42.86817239219859,0.10931988241780122,40041445932.42857,-0.3472302332266667,0.5220675812948397,-0.0070458204,15,0.4666666666666667,0.5333333333333333,0.0,1,19044.107421875,19623.580078125,0.0299741763073446,1
2022-10-03,0.0299741763073446,0.009821571864517747,0.0206414991148789,19360.270089285714,0.013600532824436407,19188.075055803572,0.022696649927357093,19739.805338541668,-0.005887862540860045,0.01572307193225949,0.021574452757109064,49.247802819894495,0.46801478713399725,38089436099.28571,-0.001645871560975604,0.577225981337059,-0.008584432,41,0.2682926829268293,0.4878048780487805,0.24390243902439024,1,19623.580078125,20336.84375,0.035702295702777984,1
2022-10-04,0.035702295702777984,0.051702584073844496,0.06219382898782616,19535.45535714286,0.04102225303717444,19291.364676339286,0.0541941480657917,19751.4763671875,0.029636639405090426,0.019287329836666867,0.021089791608767366,55.79152402439834,0.17722149044981483,34848841680.14286,0.0790013399812,0.5145333063523524,0.08958391,50,0.2,0.54,0.26,1,20336.84375,20160.716796875,-0.00869820607502516,0
2022-10-05,-0.00869820607502516,0.0569782659350973,0.037086523755610674,19640.311941964286,0.026496771357220394,19406.6015625,0.03885869619914284,19763.087890625,0.02011977624400596,0.01997707601101536,0.020405435488880002,53.94201067418964,-0.07421816896117206,32013483371.285713,0.11728910978723404,0.4710346389705163,0.07316608,47,0.1276595744680851,0.6382978723404256,0.23404255319148937,1,20160.716796875,19955.443359375,-0.010234041758595132,0
2022-10-06,-0.010234041758595132,0.01677004786915762,0.019348296241923985,19694.939453125,0.013226946285872732,19445.308175223214,0.026234358414632286,19800.3470703125,0.00783300860897751,0.020760266017422202,0.017270026140323864,51.78722775128662,0.04477581782175455,31109707542.0,0.177672718377551,0.4707305169836337,0.08925634,49,0.12244897959183673,0.5306122448979592,0.3469387755102041,1,19955.443359375,19546.849609375,-0.020687828067475794,0
2022-10-07,-0.020687828067475794,-0.0396200759010961,0.005903791666199707,19711.37667410714,-0.00834680740225846,19463.108956473214,0.0043025321950909134,19808.897916666665,-0.01322881809952614,0.022397740304189277,0.018212000680712482,47.70251675362461,-0.15799119388691263,29002860014.142857,-0.08363928206046511,0.5197913015315081,-0.0043824706,43,0.23255813953488372,0.627906976744186,0.13953488372093023,1,19546.849609375,19416.568359375,-0.0066873874171619555,0
2022-10-08,-0.0066873874171619555,-0.03760925724323286,0.005395120755586431,19726.301339285714,-0.015701523290322483,19497.36300223214,-0.004143875397298213,19811.7890625,-0.01994876393435252,0.022425128384453305,0.017470286717645327,46.44460880427838,-0.4376006503620242,28676843656.57143,-0.007743291833333334,0.3952785617522106,0.043044748,18,0.16666666666666666,0.7222222222222222,0.1111111111111111,1,19416.568359375,19446.42578125,0.0015365479891413887,1
2022-10-09,0.0015365479891413887,-0.02583866749549625,0.020905556681006063,19783.775390625,-0.017051831751732305,19543.38643973214,-0.004961302831581804,19747.298177083332,-0.015236129678868893,0.021471427950597016,0.017281736788002714,46.79090562731876,0.024324941989856574,28115601828.714287,0.021424484757142852,0.49560971312993934,0.0484642995,14,0.21428571428571427,0.5714285714285714,0.21428571428571427,1,19446.42578125,19141.484375,-0.01580535214708789,0
2022-10-10,-0.01580535214708789,-0.02095619157510827,-0.024873971773426422,19714.90457589286,-0.02908561888724681,19537.587332589286,-0.020273893129505005,19662.663020833334,-0.0265060050757685,0.018670556380025478,0.016922455670659673,43.68407730346097,0.6288290760969883,27678500869.42857,-0.05837903198313725,0.535339728018625,0.037304133,51,0.2549019607843137,0.5882352941176471,0.1568627450980392,1,19141.484375,19051.41796875,-0.004716403712704758,0
2022-10-11,-0.004716403712704758,-0.01898520787065113,-0.06529267118890918,19531.272321428572,-0.024568514778840256,19533.363839285714,-0.02467295825240401,19572.068424479166,-0.026601708334412888,0.007285801181878743,0.016896560378707074,42.780566285906595,0.0469100845093795,26653394330.142857,-0.0016330830872727305,0.42642422318648876,0.039784342,55,0.21818181818181817,0.6,0.18181818181818182,1,19051.41796875,19157.4453125,0.005549896374470987,1
2022-10-12,0.005549896374470987,-0.014971859485321504,-0.05104456873941294,19387.947823660714,-0.011888958710700281,19514.1298828125,-0.018278271819163083,19464.968294270835,-0.015798791815209268,0.009223500770282694,0.0163135887177,44.24258406708335,-0.1310051635275088,25471449083.57143,-0.09338777649056604,0.46712141913259425,0.023191659,53,0.24528301886792453,0.660377358490566,0.09433962264150944,1,19157.4453125,19382.904296875,0.011700026522297709,1
2022-10-13,0.011700026522297709,0.012533519184064153,-0.02911050045852013,19306.15652901786,0.003975300197208487,19500.547991071428,-0.006032840423268682,19434.508203125,-0.0026552720403648644,0.011501838798626504,0.01651902898893931,47.324710020884005,0.7723259275441603,26829795803.285713,-0.060232787933962265,0.5453880832134483,0.025724554,53,0.24528301886792453,0.5849056603773585,0.16981132075471697,1,19382.904296875,19185.65625,-0.010228526229371489,0
2022-10-14,-0.010228526229371489,0.007021396667397377,-0.018651198620415692,19254.557477678572,-0.003578437352218966,19482.96707589286,-0.015260038408663856,19399.327083333334,-0.01101434252927802,0.009502237930862823,0.016628926281472053,44.98201118278295,-0.1304275021456045,28147658851.42857,0.05914547558196721,0.4359864565669735,0.082303844,61,0.13114754098360656,0.6721311475409836,0.19672131147540983,1,19185.65625,19067.634765625,-0.006170546675591737,0
2022-10-15,-0.006170546675591737,-0.004699046382665495,-0.018134357878845462,19204.709821428572,-0.007137574953130721,19465.50558035714,-0.02043978837794158,19378.207877604167,-0.0160269264289451,0.009467714341931964,0.01662872732571125,43.5915345257632,-0.5789013493513562,28112632046.42857,0.16969955344210527,0.31246236592158494,0.06682105,19,0.0,0.8421052631578947,0.15789473684210525,1,19067.634765625,19268.09375,0.010458171486817167,1
2022-10-16,0.010458171486817167,-0.005940901418145968,-0.009212734381169688,19179.233816964286,0.004633132578899746,19481.50460379464,-0.010954536527587933,19361.391536458334,-0.004818754183171681,0.010643404936426104,0.016433126479849198,46.61031365791116,0.11095942338840725,28277154063.285713,0.2823122617333334,0.33195353266791877,0.26050454,15,0.0,0.7333333333333333,0.26666666666666666,1,19268.09375,19550.7578125,0.014563494131467007,1
2022-10-17,0.014563494131467007,0.01885111894269266,0.02115611189738522,19237.70145089286,0.01627306476328605,19476.30301339286,0.0038228404567306473,19342.1642578125,0.01078439578462631,0.009917689488077887,0.014762327459843794,50.623053784166636,0.5271933008817404,28283944095.285713,0.037253323093999986,0.511378082736907,0.06388058599999999,50,0.2,0.52,0.28,1,19550.7578125,19334.416015625,-0.011127327349328565,0
2022-10-18,-0.011127327349328565,0.013894338268955737,0.014745188260761218,19278.129743303572,0.002919695689929558,19404.701032366072,-0.0036220613048271177,19339.3279296875,-0.0002539857682934965,0.01098951325270269,0.01074419142287605,47.66992329189033,0.11311141509950762,28550869728.714287,-0.028101613188679254,0.42704851976909974,0.028980255,53,0.20754716981132076,0.6792452830188679,0.11320754716981132,1,19334.416015625,19139.53515625,-0.010130621895940859,0
2022-10-19,-0.010130621895940859,-0.0066944551138023905,-0.0009353300096506695,19275.571149553572,-0.00705742995878611,19331.75948660714,-0.00994344723201801,19325.841471354168,-0.009640269241591448,0.0117429387602692,0.010803026715117486,45.116720790510946,-0.2666652017097695,28190185919.857143,0.06001312672711865,0.43537420652891856,0.059502013,59,0.15254237288135594,0.6610169491525424,0.1864406779661017,1,19139.53515625,19053.740234375,-0.004492679159130498,0
2022-10-20,-0.004492679159130498,-0.025750628404400015,-0.01712803569107887,19228.547712053572,-0.009091039026779546,19267.352120535714,-0.011086727684446074,19331.273177083334,-0.014356682054306735,0.010558474032935387,0.010644238939347269,43.99943321173207,0.09224310015373516,25372205122.142857,0.014148196911063829,0.34922605399910006,0.04131464,47,0.10638297872340426,0.8085106382978723,0.0851063829787234,1,19053.740234375,19172.46875,0.00621191065339352,1
2022-10-21,0.00621191065339352,-0.008411390401677989,-0.0006875988083140049,19226.66378348214,-0.002818743495618836,19240.61063058036,-0.0035415653842116868,19352.1087890625,-0.009282711306585312,0.010365774859597726,0.009645645634204352,45.9926673256369,0.3251948136067335,24516052427.714287,-0.08353170723846153,0.44968801632254335,0.056660764,39,0.2564102564102564,0.6410256410256411,0.10256410256410256,1,19172.46875,19208.189453125,0.0018613913940529582,1
2022-10-22,0.0018613913940529582,0.00358062288831575,0.00734433926133065,19246.743024553572,-0.002003121846610001,19225.726422991072,-0.0009121616255342024,19345.263411458334,-0.007085659958093071,0.010020369146481103,0.009554062099702701,46.60839476959485,-0.5038572311418805,24503510345.57143,-0.09302494805263158,0.6035326311333328,0.028025951,19,0.3157894736842105,0.47368421052631576,0.21052631578947367,1,19208.189453125,19567.0078125,0.01850815095417208,1
2022-10-23,0.01850815095417208,0.026581453001618505,0.015394318728685564,19289.44503348214,0.014389360530387085,19234.339425223214,0.017295545218492858,19354.2423828125,0.010993219237372287,0.011615189034869786,0.010857179879697388,52.47031686053334,0.3740802548865527,25094921443.42857,0.055381805761904775,0.5032219298671643,0.068338275,21,0.19047619047619047,0.5238095238095238,0.2857142857142857,1,19567.0078125,19345.572265625,-0.011381303255268389,0
2022-10-24,-0.011381303255268389,0.008988239092956676,-0.01055047865804984,19260.1328125,0.0044360780871433025,19248.917131696428,0.00502132838264524,19367.861067708334,-0.0011508138149801672,0.011142019620900221,0.01040280547268681,48.902094650846394,0.36483874122462434,25484876130.142857,-0.0076148598785714255,0.5188973508106879,0.02553842,56,0.25,0.5178571428571429,0.23214285714285715,1,19345.572265625,20095.857421875,0.038050125599863024,1
2022-10-25,0.038050125599863024,0.04517697329876672,0.038626974291141584,19368.91015625,0.037531655615141934,19323.519949776786,0.03996877764018025,19410.986393229166,0.03528264946312709,0.01766170542537557,0.014242325843631746,59.060854194665524,0.5813903718377382,27939377925.285713,-0.02054451483,0.48518930740496774,0.0785737,50,0.22,0.66,0.12,1,20095.857421875,20770.44140625,0.033017194358947406,1
2022-10-26,0.033017194358947406,0.05968601670354188,0.08177479054602993,19601.89676339286,0.05961385558562027,19438.733956473214,0.06850793126541666,19462.5787109375,0.06719883910231861,0.0187837134087856,0.016250413698031825,65.66949477947463,0.23312542151828874,33149458404.285713,0.0021904113134615442,0.5204200337292649,0.050854642000000005,52,0.23076923076923078,0.5192307692307693,0.25,1,20770.44140625,20285.8359375,-0.023607984321621485,0
2022-10-27,-0.023607984321621485,0.04745933563718867,0.06265948538353894,19777.91043526786,0.025681454261538672,19503.229073660714,0.040127040547157655,19501.755013020833,0.04020565964220424,0.022540833803830915,0.01791462901616892,58.37885117658728,-0.1574104849394664,36739620687.42857,0.01307439413207547,0.47904444188839884,0.07104735,53,0.16981132075471697,0.6981132075471698,0.1320754716981132,1,20285.8359375,20595.3515625,0.015142492579417856,1
2022-10-28,0.015142492579417856,0.024551702616743727,0.07159006730956342,19981.17940848214,0.030737532628186015,19603.92159598214,0.050573042830422965,19540.709375,0.0539715405035035,0.02261255973380559,0.017728313062625033,61.33166848163039,-0.11345857865886144,38387538979.42857,-0.07137556390217392,0.5293808502702477,0.0008587892499999999,46,0.2608695652173913,0.5869565217391305,0.15217391304347827,1,20595.3515625,20818.4765625,0.010775490653264773,1
2022-10-29,0.010775490653264773,0.0023099989110610805,0.0805041665687751,20211.22042410714,0.0300454958013594,19728.98172433036,0.05522306489979889,19582.223567708334,0.06313139008535695,0.022311918592002832,0.017478973096901572,63.35023932453875,-0.08239342361967761,41854024649.14286,0.0005560903888888932,0.5043112147751413,0.07066629499999999,18,0.2222222222222222,0.5555555555555556,0.2222222222222222,1,20818.4765625,20635.603515625,-0.008822978719624204,0
2022-10-30,-0.008822978719624204,0.017095004513058513,0.05317303689497896,20363.876953125,0.01334355747314131,19826.660993303572,0.04080074413914914,19622.350716145833,0.051637686744913536,0.023252810361263337,0.017879037890405302,60.55988253888134,-0.2200527658040251,43190817680.71429,0.034427780571428576,0.5536946956808471,0.07595341,14,0.21428571428571427,0.5714285714285714,0.21428571428571427,1,20635.603515625,20495.7734375,-0.006799218852899474,0
2022-10-31,-0.006799218852899474,-0.0048467069192588905,0.057755121297347674,20528.19140625,-0.001579192638477167,19894.162109375,0.03024059645324262,19661.806640625,0.042415573101602266,0.02268715756733882,0.017902237480878592,58.440256840333674,0.4504213178304992,45400279253.57143,-0.11760927608139535,0.5265163120733433,0.0103262495,43,0.27906976744186046,0.5116279069767442,0.20930232558139536,1,20495.7734375,20485.2734375,-0.0005124320157945651,0
2022-11-01,-0.0005124320157945651,-0.016134629588318156,0.0191925636816903,20583.822265625,-0.004787683592156533,19976.3662109375,0.025475465416921583,19709.8455078125,0.039342161732325076,0.01854990194468678,0.017460254893743636,58.27531449700277,-0.1280788269002895,44265676146.28571,-0.04658166338043479,0.4058011428676313,0.044173064,46,0.17391304347826086,0.717391304347826,0.10869565217391304,1,20485.2734375,20159.50390625,-0.01603042401585493,0
2022-11-02,-0.01603042401585493,-0.023342074884548997,-0.02985505469311198,20496.545479910714,-0.016443823374580724,20049.221121651786,0.005500601940048311,19727.709635416668,0.02188770408796681,0.013884779278818192,0.01789666324905102,53.25335859618676,0.395106520603288,43787993138.57143,0.03335539960175439,0.4654133014910951,0.06462112,57,0.17543859649122806,0.631578947368421,0.19298245614035087,1,20159.50390625,20209.98828125,0.002501116490787244,1
2022-11-03,0.002501116490787244,-0.014041739540862146,-0.0037459538807031057,20485.710100446428,-0.013459226838830385,20131.81026785714,0.003883307678379966,19723.481119791668,0.024666394258878732,0.01103757732664412,0.017747114874053595,53.916137001960266,-0.22183506816545118,42874227392.42857,0.0237756290574074,0.4964490107508763,0.06733009,54,0.18518518518518517,0.6481481481481481,0.16666666666666666,1,20209.98828125,21147.23046875,0.04533199824767065,1
2022-11-04,0.04533199824767065,0.03180269072260296,0.026443551787549577,20564.549944196428,0.02833422205371483,20272.864676339286,0.0431298588714597,19756.364908854168,0.07040088428780189,0.020243409498230693,0.02088858206873998,64.09414408057643,0.4821785891262189,45742514826.71429,-0.07045343429607843,0.5381811974869646,0.023727234,51,0.27450980392156865,0.5882352941176471,0.13725490196078433,1,21147.23046875,21282.69140625,0.006385182519711849,1
2022-11-05,0.006385182519711849,0.054218297258169845,0.02205324365399675,20630.866350446428,0.03159465263025507,20421.043387276786,0.04219412312252646,19800.606510416666,0.07485047970897463,0.02005762398403465,0.02083786568733784,65.28743811657934,-0.4093267319828545,45381972964.42857,0.02293013771578948,0.4677031732487087,0.0019243062,19,0.21052631578947367,0.631578947368421,0.15789473684210525,1,21282.69140625,20926.486328125,-0.01687848726805324,0
2022-11-06,-0.01687848726805324,0.03483869349932932,0.013997735105567642,20672.421037946428,0.012290059771528972,20518.148995535714,0.01990127533814734,19846.594401041668,0.05441195125278786,0.021064880147014662,0.02151235052318733,59.67152906545177,-0.07301566672295945,45895736915.0,0.07974467786666667,0.47859182305909254,0.0319784355,18,0.1111111111111111,0.6666666666666666,0.2222222222222222,1,20926.486328125,20602.81640625,-0.015587859865227252,0
2022-11-07,-0.015587859865227252,-0.026081164613568686,0.0052090940932398196,20687.712890625,-0.004103715322415935,20607.9521484375,-0.0002492116708399106,19886.136002604166,0.03603919854274262,0.02192122872464893,0.02178338230263266,55.03870738666784,0.5252777748758246,47016077689.42857,-0.055261542586538454,0.5104759431885262,0.07993850450000001,52,0.25,0.6538461538461539,0.09615384615384616,1,20602.81640625,18541.271484375,-0.10542864681146098,0
2022-11-08,-0.10542864681146098,-0.13789499394474153,-0.09970712070242663,20409.99832589286,-0.09155938240068962,20496.910295758928,-0.09541139533545084,19855.964192708332,-0.06621147659080306,0.045792720076841514,0.03470338910349613,35.91335232023408,1.2237071665800632,58326529467.71429,-0.09950172811956523,0.634494854555937,0.033421065,46,0.3695652173913043,0.41304347826086957,0.21739130434782608,1,18541.271484375,15880.7802734375,-0.15488954817014716,0
2022-11-09,-0.15488954817014716,-0.2759060548468354,-0.23856624485671885,19798.752092633928,-0.19788983673643246,20147.648786272322,-0.21177997284437822,19747.274055989583,-0.19579886173602423,0.0702439821362135,0.05104558979052272,24.217637605800718,-0.13519607244825116,65091241199.57143,-0.15661624035615385,0.5153476453230709,0.015703592,65,0.3384615384615385,0.5692307692307692,0.09230769230769231,1,15880.7802734375,17586.771484375,0.1020374090112842,1
2022-11-10,0.1020374090112842,-0.15828078597032386,-0.13902995233622198,19424.0068359375,-0.09458580647548587,19954.858468191964,-0.11867220143864676,19698.452506510417,-0.1072003509634829,0.0869673284881668,0.06039494032176159,38.13129983675217,-0.19146629277062555,70801745991.28572,-0.24514401261774194,0.5172577293262283,-0.035678601500000004,62,0.3870967741935484,0.5161290322580645,0.0967741935483871,1,17586.771484375,17034.29296875,-0.03191845360130116,0
2022-11-11,-0.03191845360130116,-0.08477059276016408,-0.21628040418519362,18836.4443359375,-0.09567364917959742,19700.497140066964,-0.13533689796560644,19627.68076171875,-0.13212909994067246,0.08207980714811135,0.060185323219483486,35.83661231901455,-0.32848458011858417,69630158639.57143,-0.12154173351132075,0.5425675194563379,0.0068073124,53,0.3018867924528302,0.5283018867924528,0.16981132075471697,1,17034.29296875,16799.185546875,-0.013898139747380939,0
2022-11-12,-0.013898139747380939,0.05622081566260224,-0.23656372645228654,18195.943498883928,-0.07676205150310556,19413.404924665178,-0.13466052904860348,19541.556803385418,-0.140335352198517,0.08089374421508583,0.05977777768952522,34.87480223693069,-0.4681073989441005,68468966041.0,-0.1223131643882353,0.5161008592111308,-0.0695989,17,0.23529411764705882,0.6470588235294118,0.11764705882352941,1,16799.185546875,16353.365234375,-0.026896704984698754,0
2022-11-13,-0.026896704984698754,-0.07271329833338092,-0.24658194416893198,17542.640485491072,-0.06779340043476823,19107.53076171875,-0.14414031628103519,19447.147102864583,-0.15908666973747865,0.08063277975172604,0.05982176890348661,33.0627150598483,-0.08441150513138918,67344178965.57143,-0.39537030042857146,0.46309793509021746,-0.29898024,14,0.42857142857142855,0.5714285714285714,0.0,1,16353.365234375,16618.19921875,0.016064732404599078,1
2022-11-14,0.016064732404599078,-0.024730112327480673,-0.21492935189910575,16973.40945870536,-0.02092745366330495,18830.561174665178,-0.11748783986808164,19365.499251302084,-0.14186569614864764,0.08277663372383967,0.060419408205469635,35.21615421352979,0.8240254332522463,66789806225.28571,-0.06375186731346154,0.5661059088004158,0.010375624350000001,52,0.28846153846153844,0.5192307692307693,0.19230769230769232,1,16618.19921875,16884.61328125,0.01590431717951544,1
2022-11-15,0.01590431717951544,0.005072344599415638,-0.09359638790812923,16736.744001116072,0.008835008776143516,18573.371163504464,-0.09092360602650151,19286.04990234375,-0.12451676902494768,0.07702525288451807,0.06087935356853445,37.39798438338314,-0.2625577887422772,55019373450.42857,-0.08726027938823529,0.5148208228891367,0.033648156,51,0.23529411764705882,0.6274509803921569,0.13725490196078433,1,16884.61328125,16669.439453125,-0.012825680370738035,0
2022-11-16,-0.012825680370738035,0.01914336921337632,0.04846747989127987,16849.409598214286,-0.010681095028300502,18324.08084542411,-0.09029873892486706,19190.00595703125,-0.13134787501109202,0.045983597302160124,0.06087637679953556,36.333644909642935,-0.07305913622904403,45165139362.28571,-0.20160311683018867,0.5299728625545571,0.00536032,53,0.3584905660377358,0.5471698113207547,0.09433962264150944,1,16669.439453125,16687.517578125,0.0010839194206494296,1
2022-11-17,0.0010839194206494296,0.004162556229426834,-0.05248600969935497,16720.944754464286,-0.0019991200754587712,18072.47579520089,-0.0766335632577615,19101.776009114583,-0.12638921270135295,0.01922903371111544,0.06084875407543736,36.497165973123785,-0.17852637833254847,37260372262.42857,-0.056748472171428574,0.5798328116030788,-0.0018178002999999997,56,0.2857142857142857,0.5,0.21428571428571427,1,16687.517578125,16697.77734375,0.0006146278457023498,1
2022-11-18,0.0006146278457023498,-0.01112713310438631,-0.019952928252351555,16672.87109375,0.0014938189025726079,17754.65771484375,-0.05952693586484337,19020.38408203125,-0.12211145307393878,0.016004116621762057,0.058646618322102696,36.5966937627943,-0.03612252031798957,33116172565.42857,-0.18783390477045456,0.45794013956584084,-0.00835270735,44,0.3181818181818182,0.6363636363636364,0.045454545454545456,1,16697.77734375,16711.546875,0.0008242927596795972,1
2022-11-19,0.0008242927596795972,0.0025228400260314285,-0.0052304957452909764,16660.35128348214,0.0030728998834865795,17428.147391183036,-0.04111742344717417,18942.310970052084,-0.11776620595971299,0.015260392947507254,0.05849560747561835,36.73999399037514,-0.4004135054353358,31171676004.42857,-0.08305147585,0.47278791422081684,0.01055134085,18,0.16666666666666666,0.7222222222222222,0.1111111111111111,1,16711.546875,16291.83203125,-0.02543603029442077,0
2022-11-20,-0.02543603029442077,-0.023997109689038933,-0.003769821055013,16651.56082589286,-0.021603307846282283,17097.100655691964,-0.04709971828901138,18846.28974609375,-0.13554167686364949,0.014847640283901712,0.05853588759739442,34.20245833343954,0.323300813662893,30329418143.0,-0.19687635488235294,0.5268413639362928,-0.03647983,17,0.4117647058823529,0.4117647058823529,0.17647058823529413,1,16291.83203125,15787.2841796875,-0.03145906258707414,0
2022-11-21,-0.03145906258707414,-0.05607080012181534,-0.05129361604668613,16532.85867745536,-0.045096526397128356,16753.13406808036,-0.057651892742450306,18732.2595703125,-0.15721410327306662,0.016735588803384313,0.05864162625366123,31.395279134624587,0.7561497934766763,28586452780.714287,-0.12088834741960784,0.4726739075098659,0.01724255,51,0.23529411764705882,0.6470588235294118,0.11764705882352941,1,15787.2841796875,16189.76953125,0.02517471508039186,1
2022-11-22,0.02517471508039186,-0.03172037780110303,-0.04202321814580978,16433.595284598214,-0.014837030432210407,16585.16964285714,-0.023840582889511297,18619.6849609375,-0.13050249962796112,0.019082636194713343,0.05404571045937624,35.91393066742572,-0.17907424227823443,27747508863.142857,-0.07466097990508475,0.4823711460269586,0.010578224,59,0.2711864406779661,0.5423728813559322,0.1864406779661017,1,16189.76953125,16610.70703125,0.025667956985737504,1
2022-11-23,0.025667956985737504,0.01938360947905516,-0.0035295807893341584,16425.204938616072,0.01129374600360733,16637.307268415178,-0.00159883067229738,18528.522786458332,-0.10350613361416905,0.022097235696865166,0.03487317163727433,40.3397353763089,0.07264162811704367,27609417811.57143,-0.13185868460480768,0.5568796903440498,0.024241870999999998,52,0.3269230769230769,0.5192307692307693,0.15384615384615385,1,16610.70703125,16604.46484375,-0.00037586363225689277,0
2022-11-24,-0.00037586363225689277,0.05046680843387246,-0.004989363842240635,16413.340262276786,0.01164446592949031,16567.142508370536,0.0022527925597675136,18412.143033854165,-0.09817858718457761,0.022086635477846603,0.02020393941023354,40.2952940699705,-0.20722303427722988,27360864010.42857,-0.041807976862745094,0.4717111017976978,0.03552065,51,0.21568627450980393,0.6470588235294118,0.13725490196078433,1,16604.46484375,16521.841796875,-0.004988374895103048,0
2022-11-25,-0.004988374895103048,0.020303718458377577,-0.01059236658304596,16388.206612723214,0.008154350705344315,16530.53885323661,-0.0005261205601839736,18270.523046875,-0.09571051937120634,0.022131993616961665,0.018567962320271605,39.67229107679007,-0.28515330740840283,26191726491.42857,-0.03477070983333334,0.4684415025945071,0.02027668,45,0.2,0.6666666666666666,0.13333333333333333,1,16521.841796875,16464.28125,-0.0034899891216231276,0
2022-11-26,-0.0034899891216231276,-0.008854227648983151,-0.014906648464348702,16352.88295200893,0.0068121503907287995,16506.617117745536,-0.002564781592954146,18143.137890625,-0.09253397349157033,0.022116116705421934,0.018268722694666104,39.217383875974654,-0.036312127474400824,26462267244.57143,-0.03162072692777777,0.4654904007994108,0.00258602665,18,0.2222222222222222,0.6111111111111112,0.16666666666666666,1,16464.28125,16444.626953125,-0.0011944668045808346,0
2022-11-27,-0.0011944668045808346,-0.009672830821307031,0.009334915025491337,16374.71079799107,0.0042697642722646645,16513.135811941964,-0.004148749189564538,18004.780403645833,-0.08665217878496945,0.019614901580137265,0.016741122648627857,39.05271782258388,0.13577158639432318,26338055795.57143,-0.09033930577777777,0.528611142903911,-0.011407770000000001,18,0.2777777777777778,0.6111111111111112,0.1111111111111111,1,16444.626953125,16217.322265625,-0.013918848240971523,0
2022-11-28,-0.013918848240971523,-0.01860330416717548,0.026875129371593816,16436.14481026786,-0.013313495784373797,16484.50174386161,-0.01620791955911549,17851.40859375,-0.09153822901667896,0.015393693336197358,0.016498783478090324,37.11194485164764,0.35703203299442676,24954275743.857143,-0.17884661089272727,0.563569392110492,-0.041433107,55,0.34545454545454546,0.509090909090909,0.14545454545454545,1,16217.322265625,16444.982421875,0.01394046411034608,1
2022-11-29,0.01394046411034608,-0.0011728509352063438,0.015640878401547913,16472.60379464286,-0.0016768067217668436,16453.099539620536,-0.0004933488505305395,17711.721223958335,-0.07151980239898081,0.013232527287505014,0.0163448210309569,40.31141509654572,-0.14999588778082573,23933540987.857143,-0.1508557907798182,0.5371848223352111,0.026998844,55,0.34545454545454546,0.5454545454545454,0.10909090909090909,1,16444.982421875,17168.56640625,0.043059766583943886,1
2022-11-30,0.043059766583943886,0.04308138245331836,0.03303268799975433,16552.297991071428,0.03723159258678144,16488.75146484375,0.04122901256991507,17600.814322916667,-0.024558404442905246,0.01881916808494101,0.01990396009227421,49.1639614824739,0.25197058637148984,23442783981.42857,0.03870275194912281,0.49109040421963374,0.05901332,57,0.15789473684210525,0.6491228070175439,0.19298245614035087,1,17168.56640625,16967.1328125,-0.011802068595367332,0
2022-12-01,-0.011802068595367332,0.045198162098922585,0.021606483036644118,16604.10770089286,0.021863572445246282,16508.723981584822,0.027767671894358692,17483.54296875,-0.029536928365894055,0.019804470927451422,0.02024986881639781,47.071014968976996,-0.22450476765123983,22980834762.57143,-0.033821214343749996,0.5354512611861224,0.0119890105,48,0.25,0.5833333333333334,0.16666666666666666,1,16967.1328125,17088.66015625,0.007136986045805121,1
2022-12-02,0.007136986045805121,0.03839468403438164,0.03373184397755212,16685.08175223214,0.024187978819094846,16536.644182477678,0.03338137820956688,17381.181510416667,-0.016829773855785213,0.019508538116887124,0.020310626856191137,48.49558085989937,-0.14656606996415378,23103898927.0,-0.06935365915384616,0.44172481895045973,0.039423337,52,0.23076923076923078,0.6346153846153846,0.1346153846153846,1,17088.66015625,16908.236328125,-0.010614234867796273,0
2022-12-03,-0.010614234867796273,-0.015279317417358449,0.02660759823137901,16748.50390625,0.00953711583847161,16550.693429129464,0.021602895402935474,17271.123111979166,-0.021011186215357913,0.02018824222639015,0.02057487038581371,46.49480703887576,-0.1700091378763825,22849294347.0,0.0036708871428571426,0.5143594403779452,0.024052715,14,0.21428571428571427,0.5714285714285714,0.21428571428571427,1,16908.236328125,17130.486328125,0.01305884246336571,1
2022-12-04,0.01305884246336571,0.009581593641374477,0.040860907499325465,16846.483816964286,0.01685826634485732,16610.597307477678,0.03129863490298934,17137.231640625,-0.0003936057259101844,0.02031878795525346,0.019328291464555072,49.27121239528006,0.03741228758257287,22332240392.857143,0.09221972837499999,0.503594204865644,0.037062359,16,0.125,0.6875,0.1875,1,17130.486328125,16974.826171875,-0.009128269217154126,0
2022-12-05,-0.009128269217154126,-0.006683661621584781,0.045651486523142874,16954.698660714286,0.0011871347030987245,16695.421735491072,0.016735392541176175,16993.6361328125,-0.001106882646567886,0.01961081111243447,0.01699429881409619,47.415430174077585,0.3200427553573304,21541677775.42857,-0.18088465845098042,0.5020853504884932,-0.007038649,51,0.27450980392156865,0.6274509803921569,0.09803921568627451,1,16974.826171875,17089.50390625,0.006733035250819497,1
2022-12-06,0.006733035250819497,0.01066360849703084,0.03844405766361642,17046.77315848214,0.0025066766226427006,16759.6884765625,0.019679090703191182,16865.73671875,0.013267560808727374,0.019343768250331423,0.01601160318650401,48.941205690649184,-0.10442412523911515,21014283047.0,-0.12170219875882353,0.4891107969192759,-0.024338007,51,0.2549019607843137,0.6078431372549019,0.13725490196078433,1,17089.50390625,16848.126953125,-0.014224977832437721,0
2022-12-07,-0.014224977832437721,-0.016620211798772384,-0.01884068675276522,17000.99609375,-0.00899177552785857,16776.647042410714,0.004260679177048088,16740.580403645832,0.006424302317245001,0.01120802976394842,0.01536952396370741,45.92094445976027,-0.010785259792383206,19607401305.0,-0.06812431684999999,0.4483490104656077,0.016998483,48,0.20833333333333334,0.7083333333333334,0.08333333333333333,1,16848.126953125,17233.474609375,0.022614200081039638,1
2022-12-08,0.022614200081039638,0.015122257499421317,0.015575581923641795,17039.044921875,0.011410832496273837,16821.576311383928,0.0244863079634412,16696.987174479167,0.032130792776545736,0.013795446445291225,0.016403063624477354,51.108306164231365,0.04173735719806149,19264717146.142857,-0.099137885755,0.5315429671100625,0.011540041000000001,56,0.25,0.5892857142857143,0.16071428571428573,1,17233.474609375,17133.15234375,-0.005838370505888547,0
2022-12-09,-0.005838370505888547,0.0025508517427133897,0.002600225371948153,17045.400948660714,0.005148098032635717,16865.241350446428,0.01588539338018302,16738.73291015625,0.023563278995534676,0.013896805022449431,0.016435076168574824,49.76982327144271,-0.008205135147616671,19377391608.857143,0.084519686575,0.43798981021023065,0.0857060995,44,0.13636363636363635,0.6136363636363636,0.25,1,17133.15234375,17128.724609375,-0.00025846420531521353,0
2022-12-10,-0.00025846420531521353,0.016517365369835828,0.012955996034429061,17076.899274553572,0.0030348211339896736,16912.701590401786,0.012772827440874934,16723.464680989582,0.024233012483716898,0.013058318882084469,0.01636558483707428,49.70794814709452,-0.37492544970167807,18875820932.42857,-0.17008247578947366,0.5501729212994697,0.018608993,19,0.3157894736842105,0.5789473684210527,0.10526315789473684,1,17128.724609375,17104.193359375,-0.00143319679738864,0
2022-12-11,-0.00143319679738864,-0.00753003150859248,-0.001536043226325247,17073.143136160714,0.001818658870640144,16959.8134765625,0.00851305841376293,16725.794694010416,0.022623658384381073,0.012098770377890698,0.01637021989211422,49.34194145810778,0.11141332765871126,18489816075.57143,0.043285103357142855,0.5251170592848958,0.0440641735,14,0.14285714285714285,0.7142857142857143,0.14285714285714285,1,17104.193359375,17206.4375,0.0059599279123048595,1
2022-12-12,0.0059599279123048595,0.004268266909601029,0.013552153903133793,17106.23046875,0.005857925943010045,17030.46456473214,0.010332832354572163,16739.369759114583,0.027902349228596135,0.011579987788568854,0.015654141334409368,50.96260914889435,0.38910247000894493,18119601005.142857,-0.24944455402826085,0.48223653933111976,-0.038789874,46,0.41304347826086957,0.5434782608695652,0.043478260869565216,1,17206.4375,17781.318359375,0.03286478873072886,1
2022-12-13,0.03286478873072886,0.03739151984564487,0.03968390738304305,17205.061104910714,0.03349347328384722,17125.917131696428,0.03826955500476892,16786.968196614584,0.05923345723386464,0.01653582641124435,0.017288945675253062,58.92044945117461,0.3576975248897989,19083146614.0,-0.0949039444668,0.4494365827108783,-0.00177921542,50,0.28,0.6,0.12,1,17781.318359375,17815.650390625,0.0019289306421712124,1
2022-12-14,0.0019289306421712124,0.04075364728520476,0.05583781585765207,17343.278738839286,0.027236583053229957,17172.13741629464,0.03747425021883011,16826.883235677084,0.05876115862333253,0.014268476403941823,0.013512400523427521,59.34476667054983,-0.04130921096375173,19920157625.57143,-0.02698274251818182,0.462131664207137,0.045811794,44,0.25,0.6136363636363636,0.13636363636363635,1,17815.650390625,17364.865234375,-0.02562838102102438,0
2022-12-15,-0.02562838102102438,0.009165338351875489,0.007595234755587987,17362.048828125,0.00016221623829548726,17200.546875,0.0095530892458906,16842.891634114585,0.030990735533985125,0.017340300404733375,0.015065373339825158,51.78172826952807,-0.17897497289573905,19986992564.285713,0.04858763986921428,0.5261641969407101,0.07151820249999999,42,0.23809523809523808,0.5238095238095238,0.23809523809523808,1,17364.865234375,16647.484375,-0.04218980898149945,0
2022-12-16,-0.04218980898149945,-0.06588925936035266,-0.02875620372002293,17292.66768973214,-0.03730964627945932,17169.034319196428,-0.030377360456044444,16842.159798177083,-0.011558815823499935,0.02394479513084082,0.01895151064687588,42.49931902668131,0.14630294912180353,20516018649.142857,-0.050975555359795914,0.48389511018939174,0.040722854,49,0.22448979591836735,0.6530612244897959,0.12244897959183673,1,16647.484375,16795.091796875,0.008827572352892032,1
2022-12-17,0.008827572352892032,-0.05899061764963181,-0.01967016716181569,17245.005859375,-0.026089527957765868,17160.952566964286,-0.021319374239958444,16845.74560546875,-0.003006919953564169,0.02442961384387121,0.018973640968315542,44.69608182313758,-0.3981434264732643,20766990057.142857,0.08879878471428572,0.40128290342251843,0.020756231,14,0.14285714285714285,0.6428571428571429,0.21428571428571427,1,16795.091796875,16757.9765625,-0.002212331171359141,0
2022-12-18,-0.002212331171359141,-0.03557456779996652,-0.020449301535786047,17195.546316964286,-0.025446691044215375,17134.3447265625,-0.021965716814313585,16847.75224609375,-0.005328644574208119,0.02442406960916599,0.01857012351471588,44.23842647295133,-0.24469921557622187,20310114038.0,-0.28178914446153847,0.4410161041978259,0.012001948,13,0.38461538461538464,0.6153846153846154,0.0,1,16757.9765625,16439.6796875,-0.01917645189485355,0
2022-12-19,-0.01917645189485355,-0.012561210713320567,-0.04558568134294446,17086.00948660714,-0.03782801359286181,17096.119977678572,-0.038397033422533866,16838.690006510416,-0.023696042795261718,0.02474638307345982,0.019072097062725925,40.41641706556799,0.5763928662214515,19967755962.714287,-0.05541462814023256,0.4012804796310109,-0.016363803,43,0.18604651162790697,0.7209302325581395,0.09302325581395349,1,16439.6796875,16906.3046875,0.027988705082472278,1
2022-12-20,0.027988705082472278,0.006599922016259558,-0.050461764991201086,16961.00753348214,-0.0032252120561915287,17083.034319196428,-0.010345330249546758,16859.172428385416,0.0027956448820245505,0.023489959097956457,0.020628054600847604,47.56809617230312,0.31943545106301396,19408806674.714287,-0.029780159343125,0.4653460511523954,0.0119862735,48,0.20833333333333334,0.625,0.16666666666666666,1,16906.3046875,16817.53515625,-0.005264509420176635,0
2022-12-21,-0.005264509420176635,0.003547743767442017,-0.057655205053548764,16818.41964285714,-5.259035188343031e-05,17080.849190848214,-0.01541574611754637,16893.514127604165,-0.004497523178437768,0.023178864835255688,0.020315099955206743,46.42646035684997,-0.34500124274733435,17887158614.0,-0.052428612852,0.42883950196614057,0.023364192,50,0.2,0.7,0.1,1,16817.53515625,16830.341796875,0.0007612154110786702,1
2022-12-22,0.0007612154110786702,0.023485411073374277,-0.03126560862144565,16742.059151785714,0.0052731055534389615,17052.05398995536,-0.013002081345212746,16914.866536458332,-0.004997068076248001,0.02199450888476505,0.019244450897279813,46.625482663489194,0.10472577841867592,17241033572.42857,-0.10593654458139536,0.4757097908951043,0.002294939,43,0.3023255813953488,0.5581395348837209,0.13953488372093023,1,16830.341796875,16796.953125,-0.0019858084288219657,0
2022-12-23,-0.0019858084288219657,-0.0064891024379198576,0.008938391931231644,16763.41183035714,0.002000863248024398,17028.03976004464,-0.013570947584164883,16921.074739583335,-0.0073353268922675685,0.014461147693817906,0.019208090540939183,46.14418144066867,-0.06765215430527194,15997841608.571428,-0.01612732504210526,0.44667210389414735,0.010970749,38,0.15789473684210525,0.631578947368421,0.21052631578947367,1,16796.953125,16847.755859375,0.0030199561547248985,1
2022-12-24,0.0030199561547248985,0.0017953631369814892,0.0031307757330644136,16770.93526785714,0.0045805788580610685,17007.970563616072,-0.009419977747598396,16929.184440104167,-0.0048099529553395914,0.014118286937838063,0.01924323427856606,47.039988179451385,-0.3643115910907425,15323706521.142857,-0.15209051505333332,0.33275517865799903,-0.038211152,15,0.2,0.8,0.0,1,16847.755859375,16841.986328125,-0.0003425096739709631,0
2022-12-25,-0.0003425096739709631,0.0006916380519319123,0.005000597230452629,16782.936662946428,0.0035184346079875084,16989.24148995536,-0.008667553634894243,16939.855924479165,-0.005777475132638932,0.014077209886709593,0.01924434419019041,46.9444879476878,0.19618420669717818,15428281555.428572,0.08457669306250001,0.46227527736687124,0.014102978499999998,16,0.1875,0.625,0.1875,1,16841.986328125,16919.8046875,0.004609855984671537,1
2022-12-26,0.004609855984671537,0.007287302465425277,0.028786905109977563,16851.525948660714,0.004051783740374626,16968.767717633928,-0.0028854794260071426,16955.0400390625,-0.0020781638663973645,0.01101294749426967,0.019209577880194326,48.4642379329088,0.019781258609142593,14666264839.714285,-0.20040200712242426,0.4947977256864049,-0.019938286,33,0.3333333333333333,0.5757575757575758,0.09090909090909091,1,16919.8046875,16717.173828125,-0.012048246868378581,0
2022-12-27,-0.012048246868378581,-0.007780900557678006,-0.01125004684087303,16824.507254464286,-0.006379588104180933,16892.757393973214,-0.010394014532574603,16964.124934895834,-0.014557255839518501,0.005624439358787044,0.01666479617590098,44.86080149943664,0.3248621303005341,13670048214.571428,-0.1784587746973684,0.5215822280929809,-0.03872018,38,0.34210526315789475,0.5,0.15789473684210525,1,16717.173828125,16552.572265625,-0.009895050300250239,0
2022-12-28,-0.009895050300250239,-0.01733344118395723,-0.015880587720946693,16786.655412946428,-0.013944597155481908,16802.537527901786,-0.01487663764248115,16975.299934895833,-0.024902515472014608,0.006351585056865154,0.016618492431606038,42.12107047536526,0.07982520722006536,13973300911.0,-0.12842062070731708,0.585364882696616,0.005260356,41,0.34146341463414637,0.4878048780487805,0.17073170731707318,1,16552.572265625,16642.341796875,0.00540864482551941,1
2022-12-29,0.00540864482551941,-0.01653465234310935,-0.011233158306505989,16759.798270089286,-0.0070082271469763535,16750.9287109375,-0.006482441417806184,16981.878580729168,-0.0199940649816841,0.006936991466222139,0.015738111139425217,44.125248032678755,-0.14897795252338342,13691967258.0,-0.08356317371794872,0.48150927336786603,0.019401744,39,0.28205128205128205,0.6153846153846154,0.10256410256410256,1,16642.341796875,16602.5859375,-0.002391695878759684,0
2022-12-30,-0.002391695878759684,-0.006878101353490441,-0.01163904575644371,16732.03152901786,-0.0077363941905898015,16747.7216796875,-0.008665999170712757,16963.012565104167,-0.0212477958275894,0.006942401812918058,0.011004109304455983,43.40836873042935,0.1006703651121037,13777666929.0,-0.014736893885000005,0.4253599553827698,0.042402793499999994,40,0.175,0.7,0.125,1,16602.5859375,16547.49609375,-0.003323665649558149,0
2022-12-31,-0.003323665649558149,-0.00030671670279841523,-0.017982667560726626,16689.137276785714,-0.008487028459687629,16730.036272321428,-0.010910925451693476,16949.024674479166,-0.023690364988008028,0.006636567141657291,0.010713261178529799,42.38086414668838,-0.2944270505925788,13991174106.571428,-0.3981408693923077,0.4079514382013146,-0.43897882,13,0.5384615384615384,0.46153846153846156,0.0,1,16547.49609375,16625.080078125,0.00467760631157723,1
2023-01-01,0.00467760631157723,-0.0010377552167406298,-0.012962551575178479,16658.15066964286,-0.0019852498739926228,16720.54366629464,-0.005709359101885969,16933.572005208334,-0.018217770414207357,0.007167280796465862,0.010814074544097333,44.377709328821446,-0.17748835859334555,13646600072.571428,0.3453694878333333,0.389371642461006,0.175594345,6,0.0,0.6666666666666666,0.3333333333333333,1,16625.080078125,16688.470703125,0.003805700684704715,1
2023-01-02,0.003805700684704715,0.005159641346723544,-0.01376670687514534,16625.102957589286,0.0038115701116177014,16738.314453125,-0.002977823731271423,16926.246484375,-0.014047756037908088,0.007051966987191366,0.00942759888341064,46.023667022359206,0.30866528372640367,13676716847.285715,0.047389955472413786,0.4973847322943117,0.063438945,29,0.13793103448275862,0.6896551724137931,0.1724137931034483,1,16688.470703125,16679.857421875,-0.0005162548994983624,0
2023-01-03,-0.0005162548994983624,0.007967052096783481,-0.0022347149062652283,16619.772042410714,0.0036152950420114127,16722.1396484375,-0.0025285177286777927,16911.225520833334,-0.013681332477844754,0.00547492584300129,0.005374156320806217,45.82523908607061,0.14922611357259274,13413073842.714285,0.17057780606341463,0.44492868176757333,0.10206738,41,0.14634146341463414,0.5853658536585366,0.2682926829268293,1,16679.857421875,16863.23828125,0.010934153962035356,1
2023-01-04,0.010934153962035356,0.014223599747241644,0.018594489356020184,16664.152901785714,0.011946924673438053,16725.404157366072,0.008241004079009073,16907.505924479166,-0.0026182243216058554,0.005046656079773087,0.006074937727045425,50.6988280508087,0.3250117508303425,13615363757.285715,-0.19887772950961538,0.49407375449705676,-0.022201871749999998,52,0.34615384615384615,0.5769230769230769,0.07692307692307693,1,16863.23828125,16836.736328125,-0.0015728177184386805,0
2023-01-05,-0.0015728177184386805,0.008845081344098265,0.011613026812062143,16691.92354910714,0.008675619594819217,16725.860909598214,0.00662898125998157,16899.080338541666,-0.0036891954572508823,0.005101638015281744,0.00609017732917806,49.99879269671043,-0.2567066902051801,13504009626.857143,-0.07891422206744186,0.4566062801503845,0.022106688,43,0.20930232558139536,0.6744186046511628,0.11627906976744186,1,16836.736328125,16951.96875,0.006820792235553174,1
2023-01-06,0.006820792235553174,0.016182128479149793,0.020825514926374977,16741.835379464286,0.012551393904724817,16736.933454241072,0.01284795069221234,16902.541731770834,0.002924235834676825,0.005070698132253372,0.006316860913933156,53.03530504095449,0.05264858381349491,13287509627.285715,-0.07466943897692307,0.5809376587299901,0.016658784500000003,52,0.28846153846153844,0.5,0.21153846153846154,1,16951.96875,16955.078125,0.00018340582830352,1
2023-01-07,0.00018340582830352,0.005431380345417916,0.024332586404236554,16800.061383928572,0.009227153254316223,16744.59933035714,0.01256995109230652,16893.261848958333,0.0036592267730390926,0.00448393598967212,0.006280598054779836,53.11803892747977,-0.46476012235294595,12784021158.428572,0.06786056246666666,0.527013741236173,0.046924382,15,0.13333333333333333,0.5333333333333333,0.3333333333333333,1,16955.078125,17091.14453125,0.00799308234902105,1
2023-01-08,0.00799308234902105,0.01499728041287769,0.02764806244168054,16866.642020089286,0.013310445012902683,16762.396344866072,0.019612242761734677,16891.861588541666,0.011797571372684779,0.004796237610439781,0.006586959288753114,56.71175983486405,0.26625051588368254,12858944903.285715,-0.03407042750000001,0.19056961062853264,0.016877842499999997,8,0.125,0.875,0.0,1,17091.14453125,17196.5546875,0.006148589187306557,1
2023-01-09,0.006148589187306557,0.014325077364631152,0.0299909509442826,16939.225446428572,0.015191322760609527,16782.164202008928,0.024692315037739165,16894.122591145835,0.017901616063368042,0.004865755841909226,0.006663341304188445,59.31373206445423,0.9065477486104891,13791367994.571428,-0.11372302045,0.43413071347552784,-0.00366168655,46,0.2391304347826087,0.6739130434782609,0.08695652173913043,1,17196.5546875,17446.29296875,0.014418133870887372,1
2023-01-10,0.014418133870887372,0.02855980540721509,0.04492533971466825,17048.716238839286,0.023320039136142112,16834.244140625,0.03635736912285714,16905.525911458335,0.03198759152030517,0.005624897465300634,0.006376325825630689,64.72379080816177,-0.1512181319533924,14063547957.714285,-0.043221273225,0.5090305653012483,0.0075427572500000005,60,0.25,0.5833333333333334,0.16666666666666666,1,17446.29296875,17934.896484375,0.02762115049773119,1
2023-01-11,0.02762115049773119,0.04818787355592525,0.061612336250364254,17201.81026785714,0.042616806318791056,16932.981584821428,0.05916943182951795,16929.807877604166,0.05936798657357656,0.00982546448280021,0.008153489208669054,72.44396370297761,0.16218938885809941,14056482309.142857,0.02543609639210526,0.4911706226776678,0.05719455,57,0.19298245614035087,0.6842105263157895,0.12280701754385964,1,17934.896484375,18869.587890625,0.05080318049018759,1
2023-01-12,0.05080318049018759,0.0928424648588063,0.11398833445899063,17492.217633928572,0.07874188885146438,17092.07059151786,0.1039966041322844,16966.083528645835,0.11219468292521695,0.01753013387109092,0.014540700201919323,81.0070984751068,0.9034834822365798,17096279472.571428,0.18633468739285713,0.5330042409100225,0.14524300499999998,56,0.14285714285714285,0.5178571428571429,0.3392857142857143,1,18869.587890625,19909.57421875,0.053649212803668606,1
2023-01-13,0.053649212803668606,0.1320735437915873,0.16081675502710602,17914.73270089286,0.11135201128385908,17328.284040178572,0.148963981233587,17035.880989583333,0.16868474433014646,0.021745360982028804,0.018379045405484053,86.16038338755328,-0.16431481401530823,19212189012.714287,0.02591368674444444,0.5209258933322032,0.0563510115,54,0.2222222222222222,0.5185185185185185,0.25925925925925924,1,19909.57421875,20976.298828125,0.052192440560842025,1
2023-01-14,0.052192440560842025,0.15664483385469802,0.21282578975964445,18489.192801339286,0.13451674464693553,17644.627092633928,0.18882075081552396,17156.262109375,0.22266136378637813,0.021544794325761382,0.020462983284093673,89.35177118632876,0.33337023253735887,23676905793.42857,0.0017274264583333337,0.49292177417179606,0.067014463,24,0.25,0.5833333333333334,0.16666666666666666,1,20976.298828125,20880.798828125,-0.0045631527773636734,0
2023-01-15,-0.0045631527773636734,0.1012785005871468,0.20026955463325957,19030.57198660714,0.09722392174128891,17948.607003348214,0.1633659828993861,17297.372591145835,0.20716592754748464,0.024093536025686684,0.021030116935599228,87.4084495837036,-0.5047599517965504,25038274311.857143,-0.2946575863157895,0.574774055585861,-0.39911216,19,0.5263157894736842,0.3684210526315789,0.10526315789473684,1,20880.798828125,21169.6328125,0.013737719952276949,1
2023-01-16,0.013737719952276949,0.06136700773575523,0.2078586853982301,19598.15457589286,0.08018501081424123,18268.690011160714,0.15879314825348945,17443.190625,0.21363305989210346,0.023063079186821354,0.020742501873773744,88.24141358187164,0.388326678784348,26205096766.714287,0.18513759224468085,0.43890280660607695,0.11959212,47,0.10638297872340426,0.574468085106383,0.3191489361702128,1,21169.6328125,21161.51953125,-0.00038332437933474676,0
2023-01-17,-0.00038332437933474676,0.00879124279557854,0.19305722714800788,20128.901227678572,0.05130028171391232,18588.808733258928,0.13840105812633396,17589.975390625,0.2030442943387254,0.025269983473946614,0.020733900827454556,88.0651818205543,-0.06690346500235578,27518188825.714287,0.010344622234042557,0.5349613295142513,0.035487883,47,0.23404255319148937,0.48936170212765956,0.2765957446808511,1,21161.51953125,20688.78125,-0.02259283115330066,0
2023-01-18,-0.02259283115330066,-0.009238435580358282,0.14284324549697602,20522.313337053572,0.008111556928909414,18862.06180245536,0.09684622321123193,17731.612109375,0.16677384562577324,0.031592450629020954,0.02326941662321494,78.25789631744814,0.20022581549428464,29180094773.714287,0.10177132982883333,0.577822256536715,0.06850765,60,0.2,0.4666666666666667,0.3333333333333333,1,20688.78125,21086.79296875,0.019055334102897954,1
2023-01-19,0.019055334102897954,-0.003920821429737405,0.11109539910968652,20839.05691964286,0.011888064323756664,19165.637276785714,0.10023959361326717,17870.96171875,0.17994729665980924,0.02864249535764316,0.02281495223982737,80.25191549162322,-0.2950372483050905,27206024709.57143,0.08607323832258064,0.5530295307533154,0.08438481,62,0.20967741935483872,0.4838709677419355,0.3064516129032258,1,21086.79296875,22676.552734375,0.0726845526110478,1
2023-01-20,0.0726845526110478,0.06914705556064508,0.13013073891706559,21234.33956473214,0.06791890867367556,19574.5361328125,0.15847203634944051,18066.2623046875,0.2551878386317521,0.03334463198822713,0.027140107475159873,85.83860126005891,0.3614787930048018,27145185370.285713,0.03114910949019608,0.5133542157030411,0.07770708,51,0.21568627450980393,0.5686274509803921,0.21568627450980393,1,22676.552734375,22777.625,0.004447222994453112,1
2023-01-21,0.004447222994453112,0.09618710970839876,0.08238552135067675,21491.671875,0.05983495060223176,19990.43233816964,0.13942633229139845,18264.505078125,0.24709784922013944,0.03004561291548033,0.02691415873295899,86.10768598294605,0.12650107949859057,26212970197.42857,0.16020249413333332,0.4450405685953501,0.11613221,15,0.13333333333333333,0.5333333333333333,0.3333333333333333,1,22777.625,22720.416015625,-0.002514790230431855,0
2023-01-22,-0.002514790230431855,0.07461698537506899,0.08443388389760859,21754.47433035714,0.04440197775406318,20392.52315848214,0.11415423383616874,18461.953841145834,0.23066151129618828,0.029869493098442293,0.02744859838430203,85.12176876751585,-0.237217993669664,26991252867.0,0.21139533400000002,0.47175195659915353,0.2108432,15,0.06666666666666667,0.6,0.3333333333333333,1,22720.416015625,22934.431640625,0.00937544219856928,1
2023-01-23,0.00937544219856928,0.011307874962590485,0.08007160614390098,22006.588448660714,0.04216206406226286,20802.371512276786,0.10249120524984145,18664.843033854166,0.2287503087503433,0.029874210235555452,0.027333608359351485,85.77780971033522,0.07161911503067975,26952139504.42857,0.0974997318111111,0.4825655283536472,0.052392588500000004,54,0.14814814814814814,0.6481481481481481,0.2037037037037037,1,22934.431640625,22636.46875,-0.013077079200906103,0
2023-01-24,-0.013077079200906103,-0.006216427232768579,0.06737785132232951,22217.295479910714,0.018866980027713476,21173.09835379464,0.06911460815762438,18857.992447916666,0.20036471604912331,0.031072650301504193,0.028759916118563135,80.45852671330138,-0.004284930815089516,27152866126.285713,0.09037427525793103,0.5394063796830637,0.051112123,58,0.1724137931034483,0.5517241379310345,0.27586206896551724,1,22636.46875,23117.859375,0.021043184701323544,1
2023-01-25,0.021043184701323544,0.017341547698986735,0.11101386717695362,22564.306640625,0.02453222885113515,21543.309988839286,0.07308762613435094,19064.594270833335,0.21260694282740134,0.02772902743606449,0.02865478393072425,82.36160771496625,0.16210133281975314,27249972025.0,-0.033911111790740744,0.5501731349333224,0.0011950069999999999,54,0.25925925925925924,0.5370370370370371,0.2037037037037037,1,23117.859375,23032.77734375,-0.003687148593844675,0
2023-01-26,-0.003687148593844675,0.004278956906572715,0.0882713844802111,22842.30440848214,0.008338604190789578,21840.6806640625,0.054581480221402634,19275.114388020833,0.19494893156455118,0.028610447210886174,0.027555414194171568,80.86270603611439,-0.14102902624692237,27993542176.57143,-0.04018063224561403,0.5248839399606756,0.016768992,57,0.21052631578947367,0.5614035087719298,0.22807017543859648,1,23032.77734375,23078.728515625,0.001993046474165044,1
2023-01-27,0.001993046474165044,0.019349082581643723,0.017579878343328272,22899.75809151786,0.007815384922054358,22067.048828125,0.045845717539292785,19492.6529296875,0.1839706272344217,0.010810824030128662,0.025233167787711577,81.06315297418453,-0.03697206243254603,27505568079.714287,0.0725199325245283,0.4337462678350842,0.060414914,53,0.1509433962264151,0.6415094339622641,0.20754716981132076,1,23078.728515625,23031.08984375,-0.002066314313093378,0
2023-01-28,-0.002066314313093378,-0.0037604164327729884,0.011066341035781737,22935.967354910714,0.0041473066022184035,22213.81961495536,0.03679107163742423,19705.611197916667,0.1687579549009326,0.010896412403073447,0.022347156174468554,80.12615012379725,-0.420370569609646,24972803786.857143,0.006109314200000012,0.5225799009571419,0.08037706,15,0.2,0.6,0.2,1,23031.08984375,23774.56640625,0.03177133538504421,1
2023-01-29,0.03177133538504421,0.031698067546115836,0.0453524666512578,23086.56026785714,0.02980115402253114,22420.51729910714,0.06039330355668393,19944.677213541665,0.19202562927957478,0.015487328526371372,0.023040700974327446,83.35902258582709,0.8639176751612732,25355275362.42857,0.06200318238461538,0.6074231887238639,0.076144315,13,0.3076923076923077,0.3076923076923077,0.38461538461538464,1,23774.56640625,22840.138671875,-0.040096914665951826,0
2023-01-30,-0.040096914665951826,-0.010391893594001021,-0.004119890213263315,23073.08984375,-0.010096227833052973,22539.83914620536,0.01332305540078349,20154.431966145832,0.13325638302485787,0.02327523043017808,0.026474268070494432,68.31722030950543,-0.007952675690189204,25453403227.57143,0.12057476051632653,0.5370593566883974,0.14201756,49,0.16326530612244897,0.5510204081632653,0.2857142857142857,1,22840.138671875,23139.283203125,0.013012288539514132,1
2023-01-31,0.013012288539514132,0.00468670925860656,0.02196947752715698,23144.920479910714,-0.00024356431859884342,22681.107979910714,0.02020074255720239,20371.5720703125,0.13586144079895957,0.02302969609164383,0.026490258038548823,70.17280067885036,-0.16054663799154212,24943797363.285713,0.03196128567413793,0.45133745603007114,0.041030611999999994,58,0.1724137931034483,0.6724137931034483,0.15517241379310345,1,23139.283203125,23723.76953125,0.024945734590003956,1
2023-02-01,0.024945734590003956,-0.002138891536433696,0.02587202741583745,23231.479073660714,0.021190663583165126,22897.89285714286,0.03606780236328655,20606.08203125,0.1512993831273648,0.023576130175567447,0.025519513597361446,73.44527516972987,0.16837970436713579,24372067191.142857,0.08980362458958334,0.45192227415810676,0.0571196715,48,0.125,0.6666666666666666,0.20833333333333334,1,23723.76953125,23471.87109375,-0.010674749877368259,0
2023-02-02,-0.010674749877368259,0.027283273252149784,0.01888442613231379,23294.20675223214,0.0076269753852353794,23068.25558035714,0.01749657714632491,20832.482486979166,0.12669582746177843,0.024083313322081336,0.025921892216111773,69.8865597829434,0.201762538952301,25187652556.857143,-0.057785657449122806,0.5450961006934,0.0054511316,57,0.2807017543859649,0.5087719298245614,0.21052631578947367,1,23471.87109375,23449.322265625,-0.000961136247671562,0
2023-02-03,-0.000961136247671562,0.013309848464964122,0.01593024341047722,23347.14871651786,0.004376275250898454,23123.45340401786,0.014092568956439733,21052.018619791666,0.11387523871841698,0.02412357122323236,0.017959608542248488,69.5616353547838,-0.1554208589781949,25430471180.57143,-0.038792377540425534,0.4785459076128022,0.023267085,47,0.2553191489361702,0.574468085106383,0.1702127659574468,1,23449.322265625,23331.84765625,-0.0050223137428644544,0
2023-02-04,-0.0050223137428644544,-0.016658199867904375,0.012974243980705999,23390.114118303572,-0.0024910721580437833,23163.04073660714,0.0072877702699920555,21268.522330729167,0.09701310196523161,0.024237849401349223,0.01805438554830985,67.79323824450864,-0.422543277265661,25562809774.714287,0.0055886335454545435,0.40953215792288356,0.010751167999999998,22,0.18181818181818182,0.6818181818181818,0.13636363636363635,1,23331.84765625,22955.666015625,-0.016254488231275857,0
2023-02-05,-0.016254488231275857,-0.022237938221811967,-0.035051579635613894,23273.128348214286,-0.013640724523123482,23179.844308035714,-0.009671259626752415,21468.645572916666,0.0692647534590749,0.020929093814595335,0.018665224898506135,62.328898022325426,0.25096803782236243,24440034824.142857,-0.045696559454545455,0.6088385032797401,0.08223441,22,0.36363636363636365,0.4090909090909091,0.22727272727272727,1,22955.666015625,22760.109375,-0.008555376421285297,0
2023-02-06,-0.008555376421285297,-0.02983217839542564,-0.003510041390947396,23261.69559151786,-0.021562753864802442,23167.392717633928,-0.01758002497725708,21662.146614583333,0.0506857782818948,0.014533580815984815,0.018641959501815002,59.637781590550304,0.21778198458198417,23957093534.714287,0.13158658032553192,0.43669397147656736,0.10272485,47,0.1276595744680851,0.6595744680851063,0.2127659574468085,1,22760.109375,23264.291015625,0.02191019571493288,1
2023-02-07,0.02191019571493288,-0.0028996689376283476,0.005387865784471226,23279.553850446428,-0.0006556326173379201,23212.237165178572,0.0022425176029354787,21867.9181640625,0.06385485994077311,0.016205451207726606,0.019170370929305545,63.95840295352385,0.1411524451450452,24578541507.0,0.010858877509090899,0.5174601038030608,0.043019626,55,0.21818181818181817,0.5636363636363636,0.21818181818181817,1,23264.291015625,22939.3984375,-0.014063722484005989,0
2023-02-08,-0.014063722484005989,-0.00070890319035844,-0.03362159128953869,23167.500837053572,-0.009845792222385574,23199.48995535714,-0.011211087759154914,22059.3462890625,0.039894751952547436,0.012870238148080212,0.01877330843791479,59.535715925281835,-0.06681620887572037,24391128971.857143,0.0068168290924528335,0.4407875674158109,0.061653122,53,0.18867924528301888,0.6981132075471698,0.11320754716981132,1,22939.3984375,21819.0390625,-0.05007294792111713,0
2023-02-09,-0.05007294792111713,-0.04222647469019033,-0.0730197893332876,22931.381975446428,-0.04850745210809615,23112.794363839286,-0.05597571981012417,22205.1044921875,-0.01738633699397052,0.021552249814079976,0.02298887007823541,47.37096827415687,0.28383193589274835,24463362586.57143,-0.062262372064516125,0.4890538712714005,0.049801673000000005,62,0.20967741935483872,0.6612903225806451,0.12903225806451613,1,21819.0390625,21651.18359375,-0.0077228177249046275,0
2023-02-10,-0.0077228177249046275,-0.07185948813002774,-0.07978147081052056,22674.505022321428,-0.045130926896266965,23010.82686941964,-0.059087110749442284,22328.980729166666,-0.030355041443128283,0.021205800694904086,0.022944974390461958,45.85910025829546,-0.16867460020643132,24462696956.142857,-0.2284348444,0.5293835977689453,-0.036107875,55,0.4,0.5272727272727272,0.07272727272727272,1,21651.18359375,21870.875,0.010095720621826006,1
2023-02-11,0.010095720621826006,-0.047700045024195656,-0.06466343644583004,22465.79464285714,-0.026481130639476103,22927.95438058036,-0.04610439130477728,22429.0236328125,-0.024885106099578835,0.022681770496110275,0.023274548444414442,48.18976310242213,-0.3959679209623733,24565115198.142857,0.07379120772222222,0.4806682123403975,0.11551837000000001,18,0.16666666666666666,0.6666666666666666,0.16666666666666666,1,21870.875,21788.203125,-0.0037871607629455096,0
2023-02-12,-0.0037871607629455096,-0.0014142578660240619,-0.05219610897749973,22299.014229910714,-0.022907340191995473,22786.0712890625,-0.04379290099656119,22491.644596354166,-0.03127567965697775,0.022527918949755702,0.020928816993408927,47.36348351773207,0.08955734368201429,24316084312.57143,0.18467025721052632,0.5053745512534463,0.066695936,19,0.10526315789473684,0.5789473684210527,0.3157894736842105,1,21788.203125,21808.1015625,0.0009128497942385424,1
2023-02-13,0.0009128497942385424,0.007221409653118935,-0.04272788276197586,22163.013113839286,-0.016013686835643637,22712.354352678572,-0.03981325652714329,22519.371354166666,-0.03158479783828705,0.022734247912938883,0.018560267594691055,47.596388789189554,0.3421626352393665,24329475179.0,-0.1228119662226415,0.45696682719492154,-0.006200403,53,0.3018867924528302,0.6037735849056604,0.09433962264150944,1,21808.1015625,22220.8046875,0.018747466050136215,1
2023-02-14,0.018747466050136215,0.015873155081429176,-0.045890612426772594,22013.94363839286,0.009396819238983278,22646.74874441964,-0.01880817691433956,22564.038216145833,-0.015211529308624794,0.022107493067515274,0.019006006252516576,52.30969587237513,0.12015071282045331,24272994051.857143,0.004593460485185186,0.48562372385092983,0.07829979000000001,54,0.18518518518518517,0.6851851851851852,0.12962962962962962,1,22220.8046875,24307.841796875,0.08977000786319626,1
2023-02-15,0.08977000786319626,0.10943032370757104,0.05794311792042989,22209.435546875,0.09448264660176187,22688.468191964286,0.0713743030692684,22668.645182291668,0.07231118584289464,0.04206053971156778,0.03064342843711869,67.98934107689234,0.21239883602903853,25288986216.285713,0.06152639769322034,0.5303463686631883,0.04730986,59,0.2033898305084746,0.559322033898305,0.23728813559322035,1,24307.841796875,23623.474609375,-0.028558101481565734,0
2023-02-16,-0.028558101481565734,0.07995937243176672,0.07945796435998125,22467.212053571428,0.05146444307582754,22699.297014508928,0.04071393022767866,22750.7103515625,0.038362066253133875,0.037639717553702115,0.03155966626929336,60.91663317518303,0.21036498666694547,26252427989.285713,0.057775205558823525,0.42699824779979323,0.07488772,51,0.19607843137254902,0.6078431372549019,0.19607843137254902,1,23623.474609375,24565.6015625,0.03910624942610064,1
2023-02-17,0.03910624942610064,0.10031815580773108,0.12628703151098633,22883.557477678572,0.07350448401487197,22779.03125,0.07843047813984616,22879.9376953125,0.07367432069243995,0.037845607961278484,0.03319524440941759,66.13881486428656,0.05193183806359114,28292434369.42857,-0.005063976931249996,0.42508814432959785,0.052073641000000004,48,0.16666666666666666,0.625,0.20833333333333334,1,24565.6015625,24641.27734375,0.0030758236488141917,1
2023-02-18,0.0030758236488141917,0.013623971593349032,0.11926713453797452,23279.329241071428,0.05850461104676952,22872.561941964286,0.07732913375744999,22998.4205078125,0.0714334636754479,0.03818273934488594,0.03310910500802644,66.52571905477055,-0.5254796404972394,28759463073.142857,-0.16235241161904762,0.4606377712150136,-0.005008299,21,0.38095238095238093,0.5714285714285714,0.047619047619047616,1,24641.27734375,24327.642578125,-0.01280971909443967,0
2023-02-19,-0.01280971909443967,0.029372353980475063,0.11024457620648043,23642.106305803572,0.028996412733037547,22970.56026785714,0.059079199394489024,23053.4568359375,0.05527091885852009,0.039143117602596776,0.03296026598759362,63.29766402676726,0.3021426471006956,29864328682.285713,0.0815176606,0.5870189603756162,0.054070061,20,0.2,0.5,0.3,1,24327.642578125,24829.1484375,0.02040504474431612,1
2023-02-20,0.02040504474431612,0.01067114929869062,0.12973677115655788,24073.684430803572,0.03138132049823539,23118.348772321428,0.074001810511088,23121.840950520833,0.07383959999693324,0.03860134411181959,0.03301052776336998,66.12794406080306,0.1343086171241803,30588419248.857143,-0.03897225602,0.45834510585042265,0.014233667,50,0.28,0.58,0.14,1,24829.1484375,24436.353515625,-0.015946381537723795,0
2023-02-21,-0.015946381537723795,-0.008351055887847427,0.09504292356869803,24390.19140625,0.0018926505580096897,23202.067522321428,0.05319724167323159,23179.0388671875,0.05424360585621035,0.040737512810560934,0.033176045769247244,62.08937489527961,0.07812787525965526,31225490982.142857,0.021091842311475408,0.5022339506043418,0.048871756,61,0.19672131147540983,0.6229508196721312,0.18032786885245902,1,24436.353515625,24188.84375,-0.010180396881003117,0
2023-02-22,-0.010180396881003117,-0.005721733674410833,-0.004907481175501489,24373.19168526786,-0.0075635533354987405,23291.313616071428,0.038534972682230384,23220.852604166666,0.04168628785230921,0.023413907665397724,0.03303373267078913,59.61858767693329,-0.033665000953318036,30899302963.857143,0.006683811742105267,0.47472297831066135,0.042347047,57,0.21052631578947367,0.6491228070175439,0.14035087719298245,1,24188.84375,23947.4921875,-0.010027916762018151,0
2023-02-23,-0.010027916762018151,-0.03615469518074492,0.013622703544046112,24419.479910714286,-0.019328328242044,23443.34598214286,0.021504874165196197,23264.553385416668,0.029355336883940764,0.020620336720149873,0.02956254293778359,57.22713113853015,0.009147924319442557,29636388602.42857,-0.05943221837735849,0.4176831347805047,0.027266035,53,0.22641509433962265,0.6792452830188679,0.09433962264150944,1,23947.4921875,23198.126953125,-0.03179206740644356,0
2023-02-24,-0.03179206740644356,-0.0520003810494647,-0.057275613288497965,24224.126395089286,-0.04235444553213186,23553.841936383928,-0.015102206434927656,23267.228971354165,-0.0029699290067691786,0.016281356447140048,0.03112139857641357,50.45929140573553,-0.12024174387201936,27558287698.57143,-0.16384667720833332,0.4486046528996779,0.02399618,48,0.2916666666666667,0.6458333333333334,0.0625,1,23198.126953125,23175.375,-0.000981248083164121,0
2023-02-25,-0.000981248083164121,-0.04280123225162576,-0.06133268502047626,24014.711774553572,-0.03495094100787621,23647.0205078125,-0.019945240359421912,23271.9822265625,-0.004151224662428343,0.01588109130860778,0.03112075638640001,50.264924218458184,-0.399489976939706,27054758328.142857,-0.1782787636,0.588265254132196,0.011483338,23,0.391304347826087,0.43478260869565216,0.17391304347826086,1,23175.375,23561.212890625,0.016511545833869257,1
2023-02-26,0.016511545833869257,-0.016261769655738497,-0.0320114200921674,23905.221819196428,-0.01439053488703379,23773.6640625,-0.008936408427261178,23288.0650390625,0.011729091751690346,0.01831571242047482,0.031195879074237053,53.53373963672078,0.03377570842428268,25781819638.42857,-0.024987114555555554,0.45357880203922774,0.046300575,18,0.16666666666666666,0.6111111111111112,0.2222222222222222,1,23561.212890625,23522.87109375,-0.001628652491694882,0
2023-02-27,-0.001628652491694882,0.01390164525901003,-0.054045117328178335,23718.610770089286,-0.008252577616650547,23896.147600446428,-0.015620781765235403,23304.457747395834,0.009372170282682113,0.014878401104948908,0.03123255133231202,53.15983272752529,0.3614536969107087,24878017770.0,0.018268798150943396,0.48495088451160073,0.029730141,53,0.16981132075471697,0.6415094339622641,0.18867924528301888,1,23522.87109375,23147.353515625,-0.016092730875103014,0
2023-02-28,-0.016092730875103014,-0.001209837532928744,-0.054191466665557665,23534.467912946428,-0.01644882725852803,23962.329659598214,-0.034010722477760935,23283.550651041667,-0.005849500252684825,0.014891982809731695,0.03147486838002425,49.512360198701096,-0.09379207635977282,23347055587.142857,-0.09683401583606557,0.552037198634321,0.021454033,61,0.3114754098360656,0.5409836065573771,0.14754098360655737,1,23147.353515625,23646.55078125,0.021336804939163678,1
2023-03-01,0.021336804939163678,0.0036154215723657166,-0.02267426484539086,23456.997488839286,0.008080884712585279,23915.094587053572,-0.011229050540696894,23310.4310546875,0.014419284043866387,0.018386273676570856,0.020267715582706663,54.028086530960444,0.2009936556158638,22556033361.285713,0.12223571097962962,0.42932042608557336,0.053616987000000005,54,0.07407407407407407,0.7407407407407407,0.18518518518518517,1,23646.55078125,23475.466796875,-0.007261350209481709,0
2023-03-02,-0.007261350209481709,-0.002017276145421087,-0.01990769829285447,23389.565290178572,0.0036726422928645697,23904.522600446428,-0.01794872923182389,23321.637174479165,0.006596004441925318,0.0182452178918732,0.01886964157063724,52.30153778069647,-0.17339618940578505,21114623997.0,-0.07890489944827586,0.5078604266054372,0.060431411000000004,58,0.27586206896551724,0.6206896551724138,0.10344827586206896,1,23475.466796875,22362.6796875,-0.04856242572977136,0
2023-03-03,-0.04856242572977136,-0.034486971000089496,-0.03667805661618236,23270.215680803572,-0.038999896079701224,23747.171037946428,-0.058301317164646704,23276.267513020834,-0.039249756216703124,0.023127672099099984,0.019275602246458006,42.7354393479895,0.27842122724841567,21007575380.142857,-0.23260916756097558,0.4952063663704794,-0.115664765,41,0.34146341463414637,0.5853658536585366,0.07317073170731707,1,22362.6796875,22353.349609375,-0.0004173035221196778,0
2023-03-04,-0.0004173035221196778,-0.05624107946137279,-0.03611411205513792,23152.78348214286,-0.03452862906891696,23583.747628348214,-0.0521714376511665,23238.983463541666,-0.03810983623944164,0.023145953524267595,0.019161444143251563,42.66497818735826,-0.5715662817729541,20302617001.285713,0.24586072383333335,0.47403779741266233,0.13650407,15,0.06666666666666667,0.5333333333333333,0.4,1,22353.349609375,22435.513671875,0.00366895467532336,1
2023-03-05,0.00366895467532336,-0.045310774576567694,-0.04895670321368368,22991.969308035714,-0.024202173754913292,23448.595563616072,-0.04320437396741228,23205.18984375,-0.03316827731458105,0.021599249209325464,0.0192802559718173,43.54770141916695,0.19263714243924235,19827255128.57143,-0.25970192822666666,0.4809246100645382,-0.027561449,15,0.4,0.5333333333333333,0.06666666666666667,1,22435.513671875,22429.7578125,-0.0002565841781915384,0
2023-03-06,-0.0002565841781915384,0.0029950669750121593,-0.04758463490018025,22835.81026785714,-0.017781390307340494,23277.210518973214,-0.03640697006123039,23175.120182291666,-0.03216217926503806,0.02166218582909418,0.01785989051522136,43.49717964109922,0.3030855775889987,19069030757.285713,-0.03852627666122449,0.46889543081170165,0.024188498,49,0.1836734693877551,0.6938775510204082,0.12244897959183673,1,22429.7578125,22219.76953125,-0.009406138966041635,0
2023-03-07,-0.009406138966041635,-0.005993768468909815,-0.0408980429911189,22703.298270089286,-0.021297730976662432,23118.88309151786,-0.03889087360789223,23150.590299479165,-0.040207215288592724,0.021328862730741825,0.017700003764501412,41.6009697316001,0.3118883851374372,19387614867.285713,0.009914707927272722,0.5156270313911925,0.04848497,55,0.23636363636363636,0.5272727272727272,0.23636363636363636,1,22219.76953125,21718.080078125,-0.022837315061132093,0
2023-03-08,-0.022837315061132093,-0.032500038205365296,-0.08507216299141465,22427.80245535714,-0.031644757824350056,22942.399972098214,-0.05336494418466209,23115.855989583335,-0.060468273902044234,0.018261342978594882,0.018202487616604562,37.40545846810329,-0.010053677737171696,19083862650.714287,0.067021175054,0.3137935467653707,0.056123327,50,0.1,0.8,0.1,1,21718.080078125,20363.021484375,-0.06442451332853331,0
2023-03-09,-0.06442451332853331,-0.0966679673557071,-0.1422353261104663,21983.167410714286,-0.0736993853556176,22686.366350446428,-0.10241150258184506,23019.147005208335,-0.1153876605519899,0.026590787470028476,0.023710770571611937,28.921326238122234,0.34735039594136774,20509329172.857143,-0.033273995587755095,0.5373575681805265,0.03336869,49,0.2653061224489796,0.5714285714285714,0.16326530612244897,1,20363.021484375,20187.244140625,-0.00866965688311379,0
2023-03-10,-0.00866965688311379,-0.09593148527277914,-0.10234255726380867,21672.39090401786,-0.06852713066916516,22471.303292410714,-0.1016433769801467,22927.408528645832,-0.1195147887994944,0.023640061013354717,0.022989023846097016,28.03308120545016,0.3034314317495239,22440165327.857143,-0.12994595465565217,0.5223329003219943,-0.018928997000000003,46,0.32608695652173914,0.5217391304347826,0.15217391304347827,1,20187.244140625,20632.41015625,0.021812221244110887,1
2023-03-11,0.021812221244110887,-0.05128194896753613,-0.08011303249757805,21426.542410714286,-0.03706301461252948,22289.662946428572,-0.074350733528885,22887.854231770834,-0.0985432733309719,0.027105129273407184,0.024433297131692937,33.59540780536264,-0.23745283563069186,25156490365.42857,-0.24349068243448274,0.5113401784459162,-0.0072863586,29,0.3793103448275862,0.5517241379310345,0.06896551724137931,1,20632.41015625,22163.94921875,0.07160391184533008,1
2023-03-12,0.07160391184533008,0.08474647620632712,-0.012178075327571394,21387.747488839286,0.03629188769484748,22189.8583984375,-0.0011676135657235909,22904.946419270833,-0.03235096851819752,0.0416682768971519,0.03200150994135642,48.37796204518017,-0.029862294546169843,27436780906.57143,0.05258122486666667,0.37332849886327496,0.029594522,15,0.06666666666666667,0.8,0.13333333333333333,1,22163.94921875,24197.533203125,0.08778363436848541,1
2023-03-13,0.08778363436848541,0.18119976745792632,0.07586214321910563,21640.28683035714,0.11817063206299716,22238.04854910714,0.0881140559474376,22982.501692708334,0.05286767849133489,0.05373144147376625,0.04040793546523851,60.84269283706719,0.6894806064400893,32024376591.285713,-0.08807937318545456,0.5090445241624295,0.01593547,55,0.23636363636363636,0.6181818181818182,0.14545454545454545,1,24197.533203125,24746.07421875,0.02241616479750579,1
2023-03-14,0.02241616479750579,0.18180371101132126,0.10768444698265298,22001.1875,0.12476084387490438,22352.24288504464,0.10709580000613794,23081.097395833334,0.07213594719362137,0.0530754259631983,0.04039082009715652,63.40924891805472,0.10422976737787826,36575344871.28571,-0.08725322586909091,0.5275636230513147,0.0021728072,55,0.2909090909090909,0.5272727272727272,0.18181818181818182,1,24746.07421875,24375.9609375,-0.015069419825617957,0
2023-03-15,-0.015069419825617957,0.09513037934037308,0.11545234221816714,22380.884765625,0.08914197060427465,22404.343610491072,0.08800156618226906,23166.692708333332,0.0521985699206724,0.052217389757673704,0.040414147383541724,60.526582806376,-0.200770431398968,39592362837.85714,0.055100295324,0.52798723821328,0.0345954715,50,0.2,0.56,0.24,1,24375.9609375,25052.7890625,0.027387721969650478,1
2023-03-16,0.027387721969650478,0.03473446694153829,0.20726457751635075,23050.8515625,0.08684874372523521,22517.00948660714,0.1126161792222502,23261.0921875,0.0770254836083244,0.03813733557518229,0.04085073307285935,63.7702444695806,-0.224246533163883,40092562491.57143,0.027707530478333336,0.5552017548848648,0.0198695965,48,0.22916666666666666,0.5,0.2708333333333333,1,25052.7890625,27423.9296875,0.09043081735478727,1
2023-03-17,0.09043081735478727,0.10274911949881978,0.3063650517542518,24084.66378348214,0.13864698025421518,22878.52734375,0.19867547746650405,23364.961783854167,0.17372028857546384,0.03991187194069681,0.043714480100138425,72.34419126004158,0.4979675438492315,41685705868.71429,-0.039427529787037036,0.4558878085118288,-0.00377543925,54,0.16666666666666666,0.6851851851851852,0.14814814814814814,1,27423.9296875,26965.87890625,-0.016843655914946763,0
2023-03-18,-0.016843655914946763,0.10097488340949101,0.2677091745951942,24989.44503348214,0.07909074691813811,23207.993722098214,0.16192201829896224,23476.375260416666,0.14863894477427952,0.045708993835443905,0.04436340316681553,68.94959521046242,-0.2958239150178823,42477527103.14286,0.07616715247222222,0.511209498972889,0.00417758625,18,0.16666666666666666,0.5555555555555556,0.2777777777777778,1,26965.87890625,28038.67578125,0.03901251239696352,1
2023-03-19,0.03901251239696352,0.11259967383680416,0.23511777514682777,25828.69168526786,0.08556314516087826,23608.219587053572,0.18766583298920314,23592.144401041667,0.18847508325745932,0.043343295859110245,0.0447708274133691,72.2355532564489,0.057285500459640204,43690443294.28571,-0.0804590778,0.6337206622543405,0.015913911,15,0.3333333333333333,0.4,0.26666666666666666,1,28038.67578125,27767.236328125,-0.009728058677075274,0
2023-03-20,-0.009728058677075274,0.012440797804941606,0.13760608210126712,26338.649274553572,0.05423919194488169,23989.46805245536,0.15747611691135366,23696.343033854166,0.17179415779282414,0.03841147814149212,0.045104464112365454,70.21095080864595,0.1854562090950631,43020109719.42857,0.058860894145769234,0.5729488477644776,0.022905401,52,0.21153846153846154,0.5384615384615384,0.25,1,27767.236328125,28175.81640625,0.014607259457310753,1
2023-03-21,0.014607259457310753,0.043891713177199046,0.1297971767610722,26828.612444196428,0.0502151933819075,24414.899972098214,0.15404185306717744,23824.615494791666,0.18263467514972298,0.038431413631202185,0.044547962915595395,71.50555741429157,-0.19368002581935417,40374390100.28571,-0.05322697710192308,0.49245953275272064,0.0041058837,52,0.23076923076923078,0.5961538461538461,0.17307692307692307,1,28175.81640625,27307.4375,-0.031304934786025286,0
2023-03-22,-0.031304934786025286,-0.026425734005789805,0.1135616618006648,27247.39481026786,0.0022036121306361345,24814.139787946428,0.10047890974099793,23907.225130208335,0.14222530432840896,0.04118897391057109,0.045182858835564436,65.0363090469562,-0.07534641878427972,38906721591.71429,-0.08942210955396826,0.45244649932534436,0.032869518,63,0.23809523809523808,0.6666666666666666,0.09523809523809523,1,27307.4375,28333.97265625,0.03690243092144147,1
2023-03-23,0.03690243092144147,0.020204755592726952,0.1230763707524558,27716.135323660714,0.02229161192115603,25383.49344308036,0.1162361366762128,24037.145768229166,0.17875778303512724,0.04177168631574059,0.03893015626231032,68.64738813185932,-0.27444677351147706,37528774726.28571,-0.011539949453703702,0.4997657990359661,0.0153938575,54,0.24074074074074073,0.5740740740740741,0.18518518518518517,1,28333.97265625,27493.28515625,-0.03011973318555565,0
2023-03-24,-0.03011973318555565,-0.02452223705013942,0.0025258202121128245,27726.04324776786,-0.008394926367165545,25905.353515625,0.061297431809499425,24147.293815104167,0.1385658934192,0.02989360941803517,0.04068043868793555,62.916405699421695,0.07266084883522428,33993067529.857143,0.02911841058888889,0.5386482796958056,0.070627645,45,0.2,0.6,0.2,1,27493.28515625,27494.70703125,5.171583626720892e-05,1
2023-03-25,5.171583626720892e-05,0.006834413572153245,0.019421191963326777,27801.59012276786,-0.011038328748920745,26395.517578125,0.04164303465054764,24265.534309895833,0.13307651420794242,0.028939849651471866,0.041104289207251565,62.92204379401503,-0.4848789143592298,30801634554.142857,-0.2583125214736842,0.41468145974465775,-0.100913286,19,0.42105263157894735,0.5789473684210527,0.0,1,27494.70703125,27994.330078125,0.01800847790347154,1
2023-03-26,0.01800847790347154,-0.012059539445816931,-0.001582842530165253,27795.255022321428,0.007162195692887119,26811.97335379464,0.044098086654372315,24425.407747395835,0.14611515875757175,0.02543273438411733,0.03838542716841303,64.93919365808867,0.03701389698855251,27388622316.0,0.17814869674083333,0.5575298269433886,0.040750060000000005,12,0.16666666666666666,0.5,0.3333333333333333,1,27994.330078125,27139.888671875,-0.030997440056033318,0
2023-03-27,-0.030997440056033318,-0.012937246316294546,-0.022852223909123254,27705.633928571428,-0.02041986327239398,27022.1416015625,0.004357429253708522,24557.558203125,0.10515420333693393,0.0279073004147023,0.03437867900804818,59.02515671697463,0.3105936864719572,23590746246.57143,0.09120893223076923,0.5266594373700109,0.085449655,52,0.17307692307692307,0.5192307692307693,0.3076923076923077,1,27139.888671875,27268.130859375,0.004714100093914092,1
2023-03-28,0.004714100093914092,-0.008274862058647603,-0.03274538327251979,27575.96456473214,-0.011163116511646587,27202.288504464286,0.002420471163663507,24681.122135416666,0.10481730570289005,0.027089907837102987,0.03414017350046042,59.61956040906759,-0.022282540475037527,20973804468.714287,-0.059410279229310345,0.5502728915329403,0.00018328435000000004,58,0.29310344827586204,0.5172413793103449,0.1896551724137931,1,27268.130859375,28348.44140625,0.03885339931269162,1
2023-03-29,0.03885339931269162,0.012570059350572474,0.03741295082619716,27724.67940848214,0.02249843861411871,27486.037109375,0.03137608719086127,24841.974479166667,0.14115089483019871,0.028536482742712234,0.03450681326178744,64.31572640574893,0.1631472512982921,19159936471.0,0.03602513365333334,0.42311219335271266,0.023662674,60,0.13333333333333333,0.6833333333333333,0.18333333333333332,1,28348.44140625,28033.5625,-0.011169598741333131,0
2023-03-30,-0.011169598741333131,0.03239790066527265,-0.010659078836577567,27681.763671875,0.012708685483159066,27698.94949776786,0.01208034991576512,25004.848111979165,0.12112508640153896,0.025274117295333815,0.03461818205379566,62.05057194626724,0.08462212340097386,18904924508.42857,0.08668719363877551,0.4152485279470247,0.053683527,49,0.12244897959183673,0.673469387755102,0.20408163265306123,1,28033.5625,28478.484375,0.015746414888453637,1
2023-03-31,0.015746414888453637,0.04343021545981224,0.0352070692374319,27822.506417410714,0.0235772416671558,27774.274832589286,0.025354740912422402,25165.912565104165,0.13162931410995804,0.022407555715754545,0.02549607648786298,63.980930590174474,-0.15306301709133519,17907926885.285713,0.07068883013571428,0.4648336055881167,0.05455014849999999,42,0.16666666666666666,0.6428571428571429,0.19047619047619047,1,28478.484375,28411.03515625,-0.0023712364214005313,0
2023-04-01,-0.0023712364214005313,0.0022055797257199694,0.03278411697976391,27953.41043526786,0.01637097992181924,27877.50027901786,0.019138548000794398,25330.431510416667,0.12161670615703857,0.022515718976978173,0.024930040318640056,63.4539804931701,-0.4275942117778754,17549850301.57143,-0.0007412382631578939,0.5424528897507823,0.074316345,19,0.21052631578947367,0.631578947368421,0.15789473684210525,1,28411.03515625,28199.30859375,-0.007480171844976413,0
2023-04-02,-0.007480171844976413,0.005895006622076612,0.007295467231316023,27982.69308035714,0.007741053113465846,27888.974051339286,0.011127499413905895,25524.985807291665,0.10477274332878839,0.022058001241933706,0.02288080602300683,61.735144222394425,0.12946958993290014,17322175845.42857,0.22958807266428574,0.5739980097903395,0.17053549,14,0.14285714285714285,0.5714285714285714,0.2857142857142857,1,28199.30859375,27790.220703125,-0.014613274150394037,0
2023-04-03,-0.014613274150394037,-0.024464682416771046,0.02367963313695528,28075.59765625,-0.010164590496668291,27890.615792410714,-0.0035996010282796087,25706.21484375,0.08107011755881621,0.018706232629118327,0.023083629658158657,58.44116780586305,0.5919471913460683,17517548152.42857,-0.04769949511391304,0.47603439372153844,0.01041661575,46,0.1956521739130435,0.6086956521739131,0.1956521739130435,1,27790.220703125,28168.08984375,0.01350558587463783,1
2023-04-04,0.01350558587463783,-0.008587860120732555,0.032471118917678954,28204.163225446428,-0.0012790091096863687,27890.063895089286,0.00996863792447833,25897.300716145834,0.08768439431173713,0.019101464714421517,0.023032040901261576,60.535768089980145,-0.21844206162285607,17160539363.0,-0.0014150637169491505,0.5246949593191752,0.02843424,59,0.23728813559322035,0.576271186440678,0.1864406779661017,1,28168.08984375,28177.984375,0.0003512057047058866,1
2023-04-05,0.0003512057047058866,-0.000756482571050209,-0.006031074690306668,28179.81222098214,-6.486366792679554e-05,27952.24581473214,0.008075864879124817,26088.908268229166,0.08007525977293928,0.011727183247683137,0.02120587571359871,60.591777777299704,0.11565786467670103,16641592231.571428,0.12330806234693878,0.4476478364000134,0.10122572,49,0.14285714285714285,0.5918367346938775,0.2653061224489796,1,28177.984375,28044.140625,-0.004761257346579407,0
2023-04-06,-0.004761257346579407,0.009095534232764322,0.0003772667044469854,28181.323381696428,-0.004867860704707905,27931.543526785714,0.004031180665196921,26283.053971354166,0.06700464320338262,0.01101700602201045,0.018748605335629373,59.364414189024785,-0.1885085057442707,15413372150.0,0.0282764094125,0.5354065138785722,0.03355606,56,0.21428571428571427,0.5535714285714286,0.23214285714285715,1,28044.140625,27925.859375,-0.00422660089629551,0
2023-04-07,-0.00422660089629551,-0.008636652538168973,-0.01959574908030214,28102.376953125,-0.006281233022367938,27962.44168526786,-0.0013082659475739389,26489.979947916665,0.05420462491502409,0.008595786166111397,0.016803025091473585,58.24163186266813,-0.21507225611168235,14250565421.285715,0.09704006866756756,0.432488479713781,0.030335652,37,0.08108108108108109,0.7027027027027027,0.21621621621621623,1,27925.859375,27947.794921875,0.0007851839396583646,1
2023-04-08,0.0007851839396583646,-0.008202674303216565,-0.016439328719243244,28036.199776785714,-0.0031532395836297855,27994.805106026786,-0.00167924670215569,26742.805729166666,0.04505844319072816,0.008704096992381257,0.01680059778972102,58.39877403576353,-0.13703449861290828,14035820514.857143,0.09315233183333332,0.484008266008299,0.036334382,18,0.1111111111111111,0.5555555555555556,0.3333333333333333,1,27947.794921875,28333.05078125,0.01369069252890777,1
2023-04-09,0.01369069252890777,0.010249275572270511,0.004731535654640953,28055.305803571428,0.009899909116058092,28018.999441964286,0.011208513706430168,27014.3326171875,0.048815500377139776,0.010177254662727021,0.016504687308059342,61.163040636181755,0.2989428142931987,14020203508.0,-0.013699650041666659,0.5584810375614176,-0.036981765,12,0.3333333333333333,0.4166666666666667,0.25,1,28333.05078125,29652.98046875,0.045533646757390224,1
2023-04-10,0.045533646757390224,0.06000952322595637,0.06487845656242512,28321.41434151786,0.047016229880868954,28198.505998883928,0.051579841496696366,27315.018294270834,0.08559255385779996,0.017715841220900152,0.017767480678164322,68.80981075926785,0.5837280186819416,13981046189.0,0.0005750890263157881,0.5407664662912242,0.0287031055,38,0.21052631578947367,0.6052631578947368,0.18421052631578946,1,29652.98046875,30235.05859375,0.019439489564332186,1
2023-04-11,0.019439489564332186,0.07866382885063024,0.07081236025211958,28616.69559151786,0.05655310540857239,28410.42940848214,0.0642239213999034,27584.0552734375,0.09610636630594782,0.01809039297874806,0.018097541825891687,71.47694018836444,0.043503907444645495,14672006329.571428,0.11687469097735849,0.47733647413833696,0.070333645,53,0.11320754716981132,0.6981132075471698,0.18867924528301888,1,30235.05859375,30139.052734375,-0.0031803678161343176,0
2023-04-12,-0.0031803678161343176,0.061792768505588146,0.06728078673127928,28896.848214285714,0.04298754351608425,28538.330217633928,0.05609026542667106,27782.105924479165,0.0848368664457182,0.018453702184089437,0.015816976713363965,70.40752510614412,-0.07302375340633382,14900522606.714285,0.09763069606981131,0.4416185070323854,0.025467329,53,0.1509433962264151,0.6226415094339622,0.22641509433962265,1,30139.052734375,30399.06640625,0.008590133768281546,1
2023-04-13,0.008590133768281546,0.024849255516479297,0.08063217784614003,29233.266183035714,0.03987923264937154,28707.294782366072,0.058931767577177885,27970.538997395834,0.08682447660662795,0.017379274168350653,0.015192463522788899,71.64488188231223,-0.062417611990764676,15421938552.571428,0.24832557397872343,0.44305961955066325,0.16766395,47,0.06382978723404255,0.5957446808510638,0.3404255319148936,1,30399.06640625,30485.69921875,0.002845797962018112,1
2023-04-14,0.002845797962018112,0.00825556391416527,0.08770457670445381,29598.957589285714,0.02995854251925656,28850.66727120536,0.05667224027003703,28174.196940104168,0.08204323564429816,0.016494401194126727,0.014930865589734749,72.06401174532978,0.2957660450841042,17107412064.285715,0.018720579894736838,0.49345560195089105,0.03854786,57,0.19298245614035087,0.5964912280701754,0.21052631578947367,1,30485.69921875,30318.49609375,-0.0054997371675221595,0
2023-04-15,-0.0054997371675221595,0.0059361945627774,0.08141965559727332,29937.62918526786,0.012722013026654988,28986.914481026786,0.04593733539990241,28349.7205078125,0.06944603158944562,0.017387110712218698,0.015070257873984597,69.9159821193507,-0.4730499571438146,17474187753.142857,-0.11889144611111112,0.5031315175020709,0.027929012000000003,18,0.3333333333333333,0.5555555555555556,0.1111111111111111,1,30318.49609375,30315.35546875,-0.00010359312238552485,0
2023-04-16,-0.00010359312238552485,-0.0027575323278894465,0.06762536994598008,30220.815569196428,0.0031283040438503384,29138.060686383928,0.04040401985009989,28446.1013671875,0.06571213669788434,0.017889267425670985,0.014739167398173467,69.87385198016389,0.07655599407084557,17571258248.285713,-0.11066074561538461,0.5472234745222864,0.044072628,13,0.3076923076923077,0.5384615384615384,0.15384615384615385,1,30315.35546875,29445.044921875,-0.02912872327682135,0
2023-04-17,-0.02912872327682135,-0.034732053566728906,-0.007037000088231504,30191.110491071428,-0.024711431844054443,29256.26241629464,0.006452721229189384,28528.740234375,0.03211865227739441,0.0149530577842843,0.016627332548170354,59.22372059940472,0.390310540597431,17369799200.857143,-0.07075092351224489,0.5180925240226216,0.022444604,49,0.2653061224489796,0.5918367346938775,0.14285714285714285,1,29445.044921875,30397.552734375,0.03183646099781629,1
2023-04-18,0.03183646099781629,0.002604144598609411,0.005359971345252552,30214.32393973214,0.006064302315959225,29415.509765625,0.03338520993090577,28607.369466145832,0.06257769594466511,0.018166820158393826,0.01808053590816712,65.43348179839867,0.08999137908628363,17278266294.142857,0.19609839674242424,0.38803200963205237,0.09621233500000001,66,0.06060606060606061,0.7121212121212122,0.22727272727272727,1,30397.552734375,28822.6796875,-0.05319953662867234,0
2023-04-19,-0.05319953662867234,-0.05049179890767745,-0.044659197467285486,30026.270647321428,-0.04008459705030987,29461.559430803572,-0.02168519778473066,28642.550911458333,0.006288852434913839,0.0274452780121292,0.0239514484245305,51.47532462338398,0.26133970978793775,18123928507.714287,-0.06688755209433962,0.40530903734448437,0.04892066,53,0.20754716981132076,0.7169811320754716,0.07547169811320754,1,28822.6796875,28245.98828125,-0.020211126619281063,0
2023-04-20,-0.020211126619281063,-0.04157420225013705,-0.07346045785484788,29718.688058035714,-0.04955466990702195,29475.977120535714,-0.04172851791328025,28644.889973958332,-0.013925754054946005,0.02698196827974821,0.024614619320147847,47.48110887450455,-0.13150179915840698,18674305559.0,0.08080867594423077,0.516681023608842,0.0660180435,52,0.19230769230769232,0.5384615384615384,0.2692307692307692,1,28245.98828125,27276.91015625,-0.034910877271712444,0
2023-04-21,-0.034910877271712444,-0.10832154051966582,-0.11121713308857849,29260.289620535714,-0.06778399974871474,29429.623604910714,-0.07314784169721777,28643.872395833332,-0.04772267592499735,0.027636673957052216,0.026372368589375667,41.63471564751366,-0.027218660800533923,18402806880.57143,-0.14546367178,0.5249763239684063,-0.0020326003,35,0.3142857142857143,0.5714285714285714,0.11428571428571428,1,27276.91015625,27817.5,0.019624756556398195,1
2023-04-22,0.019624756556398195,-0.03549724733459531,-0.08609263936465829,28903.004464285714,-0.03755680367509984,29420.316824776786,-0.054479930801661136,28626.656640625,-0.02826584504027263,0.030675140104358553,0.02698142823507885,45.6546876986388,-0.3677240846723049,18572099626.857143,-0.12907919086666667,0.3927929243809847,0.004302956,15,0.26666666666666666,0.7333333333333333,0.0,1,27817.5,27591.384765625,-0.008161741227378502,0
2023-04-23,-0.008161741227378502,-0.023447861942692806,-0.09415078746965128,28513.865792410714,-0.03235201545457378,29367.340680803572,-0.060473841825911534,28629.926627604167,-0.0362746951987587,0.03028998421906732,0.026738691137483533,44.28086358522574,-0.025925236211019387,18562189686.142857,-0.2894432061923077,0.5521131279396564,-0.2135009,13,0.46153846153846156,0.46153846153846156,0.07692307692307693,1,27591.384765625,27525.33984375,-0.0023965485595713668,0
2023-04-24,-0.0023965485595713668,0.009066466769448266,-0.06741861275240137,28239.622209821428,-0.025293623291568257,29215.366350446428,-0.05784717831103303,28630.947721354165,-0.03861583236308852,0.02966247427312472,0.02300695902660685,43.865656569470254,0.38464369392952324,18538061338.714287,-0.007365156744186048,0.5107441570232317,0.027358474,43,0.20930232558139536,0.6046511627906976,0.18604651162790697,1,27525.33984375,28307.59765625,0.02802320777395386,1
2023-04-25,0.02802320777395386,0.017464917987004162,-0.07123186597626359,27941.057198660714,0.013118346059105335,29077.690569196428,-0.02648397784940415,28641.389973958332,-0.011654194088060232,0.02879636635919036,0.023817586474747625,49.86229931503456,0.0016993910079980967,18288467573.42857,0.03996135591666667,0.4281500905947786,0.041035771,48,0.10416666666666667,0.75,0.14583333333333334,1,28307.59765625,28422.701171875,0.004057925868580612,1
2023-04-26,0.004057925868580612,0.029684585082963143,-0.013974403479010708,27883.917410714286,0.01932238405474873,28955.09402901786,-0.018386846079978647,28684.150390625,-0.009114762514822461,0.021827416836949692,0.023931521709309563,50.6968969419974,0.7962878110845575,19328849944.57143,-0.1128792927210204,0.5064738416829375,0.011394156,49,0.30612244897959184,0.5714285714285714,0.12244897959183673,1,28422.701171875,29473.787109375,0.03631313286229464,1
2023-04-27,0.03631313286229464,0.06839426650482906,0.042549856002564806,28059.317243303572,0.05040998873231661,28889.00265066964,0.020242459242247435,28757.672265625,0.024901697089231956,0.02428314565537155,0.026117339408477044,57.632440460587205,-0.1475720875479043,20159290611.285713,0.024217961114791672,0.4531972035844906,0.0379392525,48,0.16666666666666666,0.5833333333333334,0.25,1,29473.787109375,29340.26171875,-0.004540602889751968,0
2023-04-28,-0.004540602889751968,0.03583045584112302,0.07292013038452522,28354.08175223214,0.03478088181925432,28807.185686383928,0.018504967412281248,28790.732942708335,0.01908700195771984,0.017506643454792338,0.026081978752352065,56.54424976494611,-0.3538770174629894,19699999262.285713,0.05088780156444444,0.3881234909000061,0.021733835,45,0.08888888888888889,0.7555555555555555,0.15555555555555556,1,29340.26171875,29248.48828125,-0.0031328032278842735,0
2023-04-29,-0.0031328032278842735,0.028639726744658214,0.05016257060024298,28558.508649553572,0.024160212291310046,28730.75655691964,0.018020121513495857,28831.23046875,0.01447242471847554,0.017624464437303422,0.026070351089685247,55.76489231510483,-0.392250809490306,19348127795.285713,0.05806062507692307,0.4694352652441994,0.09481762,13,0.15384615384615385,0.6923076923076923,0.15384615384615385,1,29248.48828125,29268.806640625,0.0006944394889976754,1
2023-04-30,0.0006944394889976754,-0.006978966628638536,0.05901875131661913,28798.14034598214,0.016343635005186208,28656.003069196428,0.021384823624872595,28857.574544270832,0.014250404022115193,0.016630623952526204,0.026077021858913113,55.90978510750755,0.37416315840942005,19614806715.285713,0.16851325446428572,0.4879522246916891,0.042855707,14,0.07142857142857142,0.6428571428571429,0.2857142857142857,1,29268.806640625,28091.568359375,-0.041052856211014906,0
2023-05-01,-0.041052856211014906,-0.043491219949901495,0.02036244366517563,28879.030133928572,-0.027267597661751908,28559.326171875,-0.01637846109130703,28846.925651041667,-0.026185018840626073,0.025091262105351533,0.027184549814208918,46.42201590951124,0.2732286552811496,19750851236.142857,0.041434122597727274,0.46982770344593566,0.064012062,44,0.1590909090909091,0.6818181818181818,0.1590909090909091,1,28091.568359375,28680.537109375,0.020749270291120427,1
2023-05-02,0.020749270291120427,-0.01960914643089678,0.013088506182342021,28932.307198660714,-0.008702039818565432,28436.682198660714,0.008575364348438974,28862.9666015625,-0.00632053851933656,0.024004932356899586,0.026224851330405294,50.91028946852821,-0.11914253370888206,19565072863.0,-0.13938235438,0.5616579215783359,0.035708340000000005,50,0.36,0.5,0.14,1,28680.537109375,29006.30859375,0.011294600825028724,1
2023-05-03,0.011294600825028724,-0.009008985094865788,0.020325181138790248,29015.6796875,-0.00032296654260477453,28449.79854910714,0.019561124261820995,28903.502864583334,0.0035568605524500807,0.024269248314308177,0.022320442857704587,53.243430993417235,0.163698676189995,17746320077.142857,-0.1795002792423729,0.5327821913958884,-0.033407792,59,0.3559322033898305,0.5423728813559322,0.1016949152542373,1,29006.30859375,28847.7109375,-0.005482697825375376,0
2023-05-04,-0.005482697825375376,0.026561173290773663,-0.02147064954887974,28926.240234375,-0.002714811750117452,28492.778738839286,0.012456917660224498,28926.156901041668,-0.0027119386723247763,0.019315604395957125,0.021607230546455504,51.948949739574005,-0.18691100458548493,16088496289.571428,0.07548800193617021,0.6183536365492645,0.040139996,47,0.2553191489361702,0.44680851063829785,0.2978723404255319,1,28847.7109375,29534.384765625,0.02352452363535224,1
2023-05-05,0.02352452363535224,0.029336426635005564,0.006594476976224403,28953.972098214286,0.020046046374635695,28654.026925223214,0.03072370395613877,28971.370247395833,0.01943347910096782,0.021721666110976097,0.019580408066608924,56.84149182086445,0.15357498078373344,16144510808.285715,0.01825375776,0.5588843229705541,0.0180398445,50,0.2,0.56,0.24,1,29534.384765625,28904.623046875,-0.02155362050914689,0
2023-05-06,-0.02155362050914689,-0.0035117946991701,-0.011826340305038215,28904.848493303572,-7.79960595964635e-06,28731.678571428572,0.006019295914663658,29000.052994791666,-0.003290681845781629,0.023352233609512187,0.020400159477485517,51.647606774121776,-0.11276962076159602,16894686862.714285,-0.07135829018421053,0.44910105562981095,0.062495407,19,0.21052631578947367,0.7368421052631579,0.05263157894736842,1,28904.623046875,28454.978515625,-0.015678412319992844,0
2023-05-07,-0.015678412319992844,-0.013707509193787494,-0.02819919211402867,28788.587332589286,-0.011588231583236963,28793.363839285714,-0.01175219837284247,29017.690299479167,-0.019392025279981295,0.023887487592912548,0.020804018241231598,48.257091171328625,-0.28984226843763927,16415994893.285715,-0.16008295446153847,0.7386161796044844,-0.21097885,13,0.46153846153846156,0.3076923076923077,0.23076923076923078,1,28454.978515625,27694.2734375,-0.027097480312589104,0
2023-05-08,-0.027097480312589104,-0.06432951314172883,-0.014243816215602795,28731.830915178572,-0.036111777239035914,28805.430524553572,-0.03857456968422779,29009.239583333332,-0.04532921802572232,0.02064470983547911,0.022222987479098975,43.10191199959846,0.6920893936739936,16482752575.571428,-0.08642254835490197,0.5432858350886408,0.017604925,51,0.29411764705882354,0.5490196078431373,0.1568627450980392,1,27694.2734375,27658.775390625,-0.0012826051136456092,0
2023-05-09,-0.0012826051136456092,-0.04405849774622753,-0.036275691620368956,28585.86495535714,-0.03243174786489711,28759.086077008928,-0.03825958458615819,28986.763736979166,-0.04581361197835332,0.018116895798516105,0.02075648370233586,42.87175366880507,-0.2611690442398248,16153562394.0,-0.07271699420925926,0.5130645753396812,0.03252208,54,0.3148148148148148,0.5185185185185185,0.16666666666666666,1,27658.775390625,27621.755859375,-0.0013393336115541375,0
2023-05-10,-0.0013393336115541375,-0.029719419037788908,-0.04890962605695181,28388.071707589286,-0.02699429028176714,28701.87569754464,-0.03763237809095665,28919.05625,-0.04485970701844744,0.01678198814085361,0.020692211714006512,42.61618016718317,0.4620015348823203,16372569895.142857,0.0252512596590909,0.5304504634659857,0.026301949999999998,66,0.25757575757575757,0.5151515151515151,0.22727272727272727,1,27621.755859375,27000.7890625,-0.0227376278728039,0
2023-05-11,-0.0227376278728039,-0.02535956659800373,-0.06616455610438032,28124.225725446428,-0.039945514373039503,28525.232979910714,-0.05344194448768658,28811.247265625,-0.06283859169419148,0.017762759697987504,0.018132696853940616,38.47309512355769,-0.19034064288996277,16540522099.285715,-0.10130670553313434,0.5383764699191922,0.020592753,67,0.31343283582089554,0.4925373134328358,0.19402985074626866,1,27000.7890625,26804.990234375,-0.007278017155925187,0
2023-05-12,-0.007278017155925187,-0.03135497864028322,-0.09696709689565765,27734.31222098214,-0.03350802353425841,28344.142159598214,-0.05430229345297044,28700.111848958335,-0.06603185466861228,0.010605200209145564,0.018127492294323408,37.24359845508149,0.154819582928019,16737241153.428572,-0.03418589798214285,0.48780059030752826,0.0369485665,56,0.21428571428571427,0.6607142857142857,0.125,1,26804.990234375,26784.078125,-0.0007804618022563855,0
2023-05-13,-0.0007804618022563855,-0.030796106830985524,-0.0761939381887672,27431.37723214286,-0.02359703275796088,28168.112862723214,-0.04913480517733937,28579.612239583334,-0.0628256989469046,0.010990479657910848,0.018171504999921387,37.107202690892784,-0.4822730273835081,15892284709.285715,-0.013902832864999996,0.5646826702484699,0.012457222450000001,20,0.25,0.55,0.2,1,26784.078125,26930.638671875,0.0054570113859458225,1
2023-05-14,0.0054570113859458225,-0.0026014675722356474,-0.0550585144828285,27213.614397321428,-0.010398314656588914,28001.10086495536,-0.038229289564114644,28461.110221354167,-0.0537741338119293,0.012281468553661577,0.01835590332302141,38.79886109400617,0.0015688653640222316,15708499491.142857,-0.09896355000000001,0.4836211439194832,0.0501499225,16,0.25,0.6875,0.0625,1,26930.638671875,27192.693359375,0.009683688179724162,1
2023-05-15,0.009683688179724162,0.014360237763413684,-0.018277345990515066,27141.960100446428,0.0018691818402509774,27936.8955078125,-0.026638684610800323,28356.916796875,-0.041056065644918815,0.01040710496310312,0.015709461540844852,41.81256453949621,0.43918470055410386,15035689211.142857,0.022933539142592593,0.4840528493859116,0.0743672875,54,0.14814814814814814,0.6851851851851852,0.16666666666666666,1,27192.693359375,27036.650390625,-0.005754943306692564,0
2023-05-16,-0.005754943306692564,0.00938575625897761,-0.022749684183562057,27053.085100446428,-0.0006074985444508574,27819.475027901786,-0.02813944679012259,28247.626627604168,-0.04287001711484595,0.010449153916594865,0.014243779879538695,40.53264431013024,-0.11662845642522923,14836210005.428572,0.021326953201639343,0.4984571082033028,0.040383697,61,0.16393442622950818,0.6885245901639344,0.14754098360655737,1,27036.650390625,27398.802734375,0.013305949198470446,1
2023-05-17,0.013305949198470446,0.01723469407150216,-0.008104401373537311,27021.23465401786,0.013973013638775456,27704.653180803572,-0.01103967786322968,28179.4185546875,-0.02770162978336721,0.012212805958273048,0.014421297934594339,44.759030413865275,0.189107991437788,14048207419.571428,0.03750800453809523,0.47139660744727097,0.042672478,63,0.1746031746031746,0.6507936507936508,0.1746031746031746,1,27398.802734375,26832.208984375,-0.020896322938492334,0
2023-05-18,-0.020896322938492334,-0.013345317046714333,-0.006263096439225701,26997.151785714286,-0.00610963714426227,27560.68875558036,-0.02643184202201254,28060.573763020835,-0.043775469062739436,0.011678696025360065,0.015109203402445847,39.97253746569303,0.005477651061246203,13833720942.0,0.060340387492857146,0.4632694356568761,0.07182617499999999,56,0.16071428571428573,0.6071428571428571,0.23214285714285715,1,26832.208984375,26890.12890625,0.0021562704301694635,1
2023-05-19,0.0021562704301694635,-0.00543410330985229,0.0031711911468689166,27009.314453125,-0.004412757202032935,27371.813337053572,-0.01759782681812716,27996.155403645833,-0.03950637083732578,0.011359274811963334,0.012905821578769107,40.67100244372105,-0.26039356809860614,12683061428.285715,-0.009151418624999998,0.48886061568425976,0.040971834,64,0.21875,0.625,0.15625,1,26890.12890625,27129.5859375,0.008865600285434393,1
2023-05-20,0.008865600285434393,-0.009874452222888344,0.01281725323455973,27058.672712053572,0.00262072076487474,27245.024972098214,-0.00423706840850524,27958.9419921875,-0.029663356178472267,0.011762626373027872,0.012772651516785838,43.59320542952195,-0.37428529986590486,12261024250.428572,0.06061858215714285,0.4027636817247411,0.0102545485,28,0.10714285714285714,0.7142857142857143,0.17857142857142858,1,27129.5859375,26753.826171875,-0.01394736681453699,0
2023-05-21,-0.01394736681453699,-0.0029254960989329145,-0.0065871249659230306,27033.41378348214,-0.010342297641224074,27123.514090401786,-0.013629794328811062,27941.505859375,-0.042505929833467015,0.012988306247721649,0.012664314187605186,40.24350097646947,0.22746993952241867,12065675387.857143,0.13177168570000003,0.5265132770091873,0.080779895,20,0.2,0.5,0.3,1,26753.826171875,26851.27734375,0.0036358955711424203,1
2023-05-22,0.0036358955711424203,-0.0014458709579600248,-0.012634917574504906,26984.640066964286,-0.004942171653330885,27063.30008370536,-0.007834326903946809,27909.2984375,-0.03790926870194644,0.01234919187432198,0.010979478456465065,41.4989888780232,0.27862118746107356,11586180916.428572,-0.09265677261875,0.4781138538953583,0.028590056000000003,64,0.234375,0.640625,0.125,1,26851.27734375,27225.7265625,0.013848962643426162,1
2023-05-23,0.013848962643426162,0.0035374914000315815,0.006968988375613833,27011.650948660714,0.007925306537025945,27032.368024553572,0.0071528523794437415,27897.109830729165,-0.02406640947047589,0.013475640967029487,0.011792279027942517,46.17823479584422,0.23880686072940138,11724032963.142857,0.06300640939310345,0.5145314284093233,0.07352449999999999,58,0.1896551724137931,0.5689655172413793,0.2413793103448276,1,27225.7265625,26334.818359375,-0.03327040018789597,0
2023-05-24,-0.03327040018789597,-0.01578554197332753,-0.039607361010752754,26859.653180803572,-0.01953989569022685,26940.443917410714,-0.022480162535269854,27857.42578125,-0.054657147212066604,0.017331381009130016,0.014592054480070924,38.32393753914442,0.18995858189704307,11889618320.714285,-0.11600204226491229,0.5044144564058742,0.01941279,57,0.2807017543859649,0.5614035087719298,0.15789473684210525,1,26334.818359375,26476.20703125,0.005354526205137628,1
2023-05-25,0.005354526205137628,-0.01406691133933233,-0.013356511867122799,26808.795758928572,-0.012405955518080436,26902.973772321428,-0.015863180951040334,27796.379427083335,-0.04749440117899051,0.016293639826496044,0.013629272446960985,40.06617887730913,-0.15019118024636047,11693644620.285715,0.08442349277162163,0.5691147909617824,0.097840887,74,0.21621621621621623,0.5,0.28378378378378377,1,26476.20703125,26719.291015625,0.009139332662057487,1
2023-05-26,0.009139332662057487,-0.018776541320700987,-0.006373449635234875,26784.39034598214,-0.0024304951322854373,26896.852399553572,-0.0066015673987012136,27739.599088541665,-0.036781644524131574,0.016790157401482972,0.013790080642801591,43.045035983371484,-0.08226795018188693,11901164038.0,0.0643070749,0.517574845475928,0.069255166,53,0.16981132075471697,0.5849056603773585,0.24528301886792453,1,26719.291015625,26868.353515625,0.00556333034484893,1
2023-05-27,0.00556333034484893,0.020057189212043865,-0.009675719575820587,26747.071428571428,0.004534406220040088,26902.8720703125,-0.0012830806538901562,27652.751302083332,-0.02836599432329312,0.016513816680840322,0.013874523564313557,44.8550429409871,-0.379149500837884,12022178863.857143,-0.06156730227499999,0.6183019552485565,0.00190147125,20,0.35,0.4,0.25,1,26868.353515625,28085.646484375,0.04430949975360071,1
2023-05-28,0.04430949975360071,0.05901216276050703,0.04858114699231725,26937.331473214286,0.0426291302203623,26985.372628348214,0.040772972498106075,27610.930794270833,0.01719303465867461,0.022661467576976596,0.0182099399303711,56.900695243857264,0.8430311293291524,12864723529.142857,0.26767117215384617,0.6141504706558509,0.41483496,26,0.15384615384615385,0.34615384615384615,0.5,1,28085.646484375,27745.884765625,-0.012171112107334788,0
2023-05-29,-0.012171112107334788,0.037701717991114846,0.03277413931383993,27065.13253348214,0.025152370168544547,27024.886300223214,0.026679056384997013,27560.844010416666,0.006713900167150122,0.023804344343288,0.018526863153292925,53.3948866295155,0.04373113553065422,13453943313.714285,-0.002770109466666656,0.4875055007526077,0.0699584,51,0.21568627450980393,0.5686274509803921,0.21568627450980393,1,27745.884765625,27702.349609375,-0.0015702994220325468,0
2023-05-30,-0.0015702994220325468,0.030568088224233448,0.01735487724838127,27133.221540178572,0.020975322386752593,27072.43624441964,0.02326770148309798,27508.628776041667,0.007042184287355369,0.023526491129842855,0.01843541088719214,52.9447504891247,-0.1271449737986573,13390211700.571428,0.09208001999137932,0.5095513957654259,0.07333327,58,0.20689655172413793,0.5344827586206896,0.25862068965517243,1,27702.349609375,27219.658203125,-0.017577792723265092,0
2023-05-31,-0.017577792723265092,-0.031319204252632404,0.033047484713012276,27259.62723214286,-0.00146623534788215,27059.640206473214,0.005913530092447772,27479.565104166668,-0.009458188295791481,0.020041797610917438,0.018789019738367833,48.10271522360586,0.18151647616745215,13298392715.714285,-0.0006243016352941166,0.5208991041638953,0.0294565175,68,0.19117647058823528,0.6323529411764706,0.17647058823529413,1,27219.658203125,26819.97265625,-0.014792581991188054,0
2023-06-01,-0.014792581991188054,-0.03394067413648564,0.012900376516686629,27308.73660714286,-0.017897713758205036,27058.766183035714,-0.008824996866835133,27417.5462890625,-0.02179529949588832,0.02134024624484669,0.01834409868709895,44.47560721064639,-0.062428329378709235,13416656675.428572,0.03395923731451613,0.45923210986431634,0.06462734,62,0.1774193548387097,0.6451612903225806,0.1774193548387097,1,26819.97265625,27249.58984375,0.01589161106579633,1
2023-06-02,0.01589161106579633,-0.01647876364865687,0.019652654920425353,27384.493582589286,-0.004926282037402974,27084.441964285714,0.006097518260928414,27358.988997395834,-0.003998654835390525,0.021871029318741003,0.018831010792155673,48.93298323243383,0.010793984899519327,13720341786.142857,-0.017156221760508475,0.49523302849953416,0.0365292,59,0.22033898305084745,0.6271186440677966,0.15254237288135594,1,27249.58984375,27075.12890625,-0.006422915434419119,0
2023-06-03,-0.006422915434419119,-0.005323886359810916,0.007666409141157432,27414.03292410714,-0.012362428351762822,27080.552176339286,-0.00020026438360531973,27299.9029296875,-0.008233509987798149,0.022087453985041555,0.018779802349024773,47.27334649586631,-0.434834338056865,13790853547.428572,0.05526847870588235,0.6245603251728173,0.01858379,17,0.23529411764705882,0.47058823529411764,0.29411764705882354,1,27075.12890625,27119.06640625,0.0016214839752998166,1
2023-06-04,0.0016214839752998166,0.011090179606676923,-0.03502160663714348,27275.950055803572,-0.005751720810186489,27106.640764508928,0.0004583984363470961,27219.392317708334,-0.0036858248078177613,0.011544199924310902,0.018355691431616566,47.753949669331924,0.11630833121781126,13050236796.0,0.003904363200000005,0.5550631355495853,0.06493439200000001,20,0.25,0.55,0.2,1,27119.06640625,25760.09765625,-0.051410345698891795,0
2023-06-05,-0.051410345698891795,-0.05621177715801118,-0.07426084022870058,26992.266183035714,-0.045648946940220814,27028.699358258928,-0.046935358790074044,27114.5748046875,-0.049953840626087986,0.02114199918696552,0.023038606602479545,36.632099357484016,1.2982046957786704,13954805890.571428,-0.047960338563636365,0.5681985755775134,0.03659693,55,0.2909090909090909,0.4909090909090909,0.21818181818181817,1,25760.09765625,27238.783203125,0.05581511856233619,1
2023-06-06,0.05581511856233619,0.006026256838744321,-0.016875422244331674,26926.042410714286,0.011614807242755765,27029.631975446428,0.00773784962623858,27074.0349609375,0.006085101183669117,0.03301992807332128,0.027660805961372673,50.21806625317186,0.019354454655150954,15194604296.571428,-0.1798920692881356,0.5324889555774239,-0.04451171,59,0.3728813559322034,0.4915254237288136,0.13559322033898305,1,27238.783203125,26345.998046875,-0.03332542412080894,0
2023-06-07,-0.03332542412080894,-0.028920651257364594,-0.03262305364187563,26801.233816964286,-0.0169856273482879,27030.430524553572,-0.025320813039098833,27029.092447916668,-0.025272561494913193,0.03471825690170564,0.027665905621736035,44.073954975837964,-0.10942369562193044,15747986232.0,-0.16247774858135594,0.5344600520363405,-0.0172824,59,0.3559322033898305,0.4745762711864407,0.1694915254237288,1,26345.998046875,26508.216796875,0.006138366063704449,1
2023-06-08,0.006138366063704449,0.02862806050523159,-0.011692105586983213,26756.697265625,-0.009286664429590474,27032.716936383928,-0.019402420435327805,26990.740494791666,-0.01787737902225306,0.03460132838900723,0.027678299629208137,45.38156168062653,-0.3904353909570766,15351679643.428572,-0.09762180618484849,0.5110234435996903,-0.0153634905,66,0.2878787878787879,0.5454545454545454,0.16666666666666666,1,26508.216796875,26480.375,-0.001050860137740086,0
2023-06-09,-0.001050860137740086,-0.028237918194844572,-0.028634576790519447,26646.809430803572,-0.006245942173143448,27015.651506696428,-0.01981357016556673,26952.694466145833,-0.017524016633628015,0.033750229022978646,0.027555630732475373,45.18628492064636,-0.07469851154153473,14805699163.428572,0.01646213348596491,0.4692277573553541,0.03453429,57,0.19298245614035087,0.6140350877192983,0.19298245614035087,1,26480.375,25851.240234375,-0.024045314677471934,0
2023-06-10,-0.024045314677471934,-0.01895780875150752,-0.0462569760335723,26471.968191964286,-0.02344850043215574,26943.000558035714,-0.040521111273744026,26914.376171875,-0.0395006717120554,0.034599741481753654,0.028172110471965977,40.903174720096196,0.8040797082587141,16446747123.285715,-0.1594002285,0.47271640477780774,-0.092182925,20,0.4,0.5,0.1,1,25851.240234375,25940.16796875,0.0034340762243438776,1
2023-06-11,0.0034340762243438776,-0.021662098590868088,-0.04444438378452814,26303.554129464286,-0.013815097341056015,26789.752092633928,-0.031713026718060866,26885.548763020834,-0.035163157821466395,0.03467828980232408,0.024840190859421372,41.74374379929226,-0.45993832410503555,16642703878.285715,-0.11431308742222221,0.5997853988547376,0.0085120192,18,0.2777777777777778,0.5,0.2222222222222222,1,25940.16796875,25902.5,-0.0014531650030546537,0
2023-06-12,-0.0014531650030546537,-0.022064403456182706,0.005512796911308981,26323.897321428572,-0.016008166126888046,26658.08175223214,-0.028343440434114298,26856.162825520834,-0.035510018006540744,0.028438340793436975,0.024789730586662437,41.47464510240963,0.08807554070873613,15237646357.0,-0.11873296715714286,0.47516380697021326,0.010205628250000001,56,0.30357142857142855,0.6071428571428571,0.08928571428571429,1,25902.5,25918.728515625,0.0006263269559741463,1
2023-06-13,0.0006263269559741463,0.002607238177263455,-0.04967599469505308,26135.31808035714,-0.008287236607038895,26530.680245535714,-0.023065813776625088,26822.432486979167,-0.03369209603912193,0.015216835754278684,0.024819432273135378,41.649170450513886,0.21113270373615434,14125332613.142857,-0.09478695694166665,0.478469172858106,0.01997324025,60,0.25,0.6333333333333333,0.11666666666666667,1,25918.728515625,25124.67578125,-0.031115354032620144,0
2023-06-14,-0.031115354032620144,-0.03194219207970064,-0.04746592460686427,25960.84347098214,-0.032208802871400266,26381.038643973214,-0.04762370730275367,26753.498567708335,-0.06088260876745055,0.014592029618299657,0.02560865933937137,35.993391151260084,0.008643086967138336,13373285853.714285,-0.11161520543983605,0.46631365217149656,0.017637756,61,0.22950819672131148,0.6557377049180327,0.11475409836065574,1,25124.67578125,25576.39453125,0.017819375410116443,1
2023-06-15,0.017819375410116443,-0.012669651666529618,-0.03578491526045229,25827.726004464286,-0.009731072459528312,26292.21163504464,-0.027225442793885613,26704.823372395833,-0.04225561897227392,0.016814361665471164,0.026196461569639107,40.90935085905266,0.11017087739852882,13935080155.714285,-0.10060395616825397,0.4427846648300089,0.0308971,63,0.2698412698412698,0.6349206349206349,0.09523809523809523,1,25576.39453125,26327.462890625,0.0289427732653721,1
2023-06-16,0.0289427732653721,0.015646794642868233,-0.0057912818573402315,25805.881417410714,0.020211728666721163,26226.34542410714,0.0038555683181429323,26669.112044270834,-0.012810668502149403,0.021256615654002473,0.027150297617346306,48.053287535735365,0.030766605357075205,14693522345.0,-0.1564428688188679,0.5226413481533788,0.023509301,53,0.37735849056603776,0.49056603773584906,0.1320754716981132,1,26327.462890625,26510.67578125,0.0069349007932065195,1
2023-06-17,0.0069349007932065195,0.05369704946869483,0.025188933613338235,25900.086495535714,0.023574797166006745,26186.02734375,0.012397773562146996,26658.394270833334,-0.005541162310175318,0.018686576661112116,0.027234861675720444,49.652328068966845,-0.3206421631182883,13438857153.714285,-0.09177392832555557,0.6780374758580586,0.027124343069999998,18,0.3333333333333333,0.3888888888888889,0.2777777777777778,1,26510.67578125,26336.212890625,-0.006602603438313832,0
2023-06-18,-0.006602603438313832,0.029275070620264694,0.015152253950680322,25956.66434151786,0.014622393082305729,26130.109235491072,0.00788759255755389,26639.930403645834,-0.011400837330238223,0.019082155845824796,0.02725093056962978,48.13291692727394,-0.13747012284909732,13272155086.0,0.04602720772857142,0.5943589931185451,0.0491822101,14,0.21428571428571427,0.5714285714285714,0.21428571428571427,1,26336.212890625,26851.029296875,0.019359247201741925,1
2023-06-19,0.019359247201741925,0.019691544556634417,0.035964666155476895,26092.168526785714,0.02908385208804143,26208.03292410714,0.024534324061246338,26630.645182291668,0.008275583001266407,0.020022736568103335,0.023735938545099786,52.72973894963259,0.34093613156380576,13436311689.571428,-0.1311895661,0.5560668747646333,0.008088961,53,0.33962264150943394,0.49056603773584906,0.16981132075471697,1,26851.029296875,28327.48828125,0.05352849528514009,1
2023-06-20,0.05352849528514009,0.0662851390485682,0.08886683448464283,26436.27706473214,0.0715384852370482,26285.79757254464,0.07767276998427053,26683.1005859375,0.06162655985261045,0.02685442002325207,0.023348991152922393,62.88826713135037,0.731650659209697,14588938069.714285,0.06296577435490196,0.3829350877633184,0.05970238,51,0.1568627450980392,0.7058823529411765,0.13725490196078433,1,28327.48828125,30027.296875,0.05827421320682117,1
2023-06-21,0.05827421320682117,0.13116195569370293,0.1782564017240839,27136.651506696428,0.10652181488162804,26548.747488839286,0.1310249904490992,26788.967903645833,0.12088293147394635,0.02360625166125753,0.025207479055188994,70.69611449835168,0.5013043599055917,17314801385.857143,0.12133796062244898,0.5014883145509275,0.07994884,49,0.14285714285714285,0.5510204081632653,0.30612244897959184,1,30027.296875,29912.28125,-0.0038377235796951737,0
2023-06-22,-0.0038377235796951737,0.10796498491226582,0.15659930273427247,27756.063895089286,0.07768455077278458,26791.894949776786,0.11646754759499434,26878.5197265625,0.11286936759539667,0.026066354864809908,0.02544489919765039,69.6286593863104,-0.38065467575677736,18002769397.57143,0.05677676226037736,0.4642572683526267,0.06427448,53,0.1509433962264151,0.6415094339622641,0.20754716981132076,1,29912.28125,30695.46875,0.02584590576815378,1
2023-06-23,0.02584590576815378,0.08028239539527965,0.1535024352370542,28380.06473214286,0.08158557916306464,27092.973074776786,0.13296789781174256,27023.874739583334,0.13586482492973828,0.02596230554520915,0.02567215426536263,72.65630389886527,0.16764550856556837,19115758414.714287,0.06231786757142857,0.5397660367727695,0.08154026,49,0.20408163265306123,0.5510204081632653,0.24489795918367346,1,30695.46875,30548.6953125,-0.004793067902493928,0
2023-06-24,-0.004793067902493928,0.017215114285964585,0.14177446654135384,28956.924665178572,0.054970293486848565,27428.50558035714,0.11375719041643206,27159.624348958332,0.12478342557310262,0.027428217050677946,0.024146733957810914,71.22335808788002,-0.496266418202736,19266836364.142857,-0.1305238538210526,0.5255319014638546,0.035673123,19,0.3157894736842105,0.5263157894736842,0.15789473684210525,1,30548.6953125,30480.26171875,-0.0022426607224285255,0
2023-06-25,-0.0022426607224285255,0.018810177143231212,0.14613440925723908,29548.931640625,0.03151823184174174,27752.797991071428,0.09827707204715175,27284.9900390625,0.11710730607242281,0.026758032920757978,0.024347133414295945,70.52495548099402,0.04574001786599702,19715089076.285713,-0.022502234133333323,0.6022414244029063,0.0124458933,18,0.2777777777777778,0.5,0.2222222222222222,1,30480.26171875,30271.130859375,-0.006884835938176551,0
2023-06-26,-0.006884835938176551,-0.013920564563099078,0.11989032611732062,30037.517578125,0.00777738308907816,28064.84305245536,0.0786139371168375,27398.415950520834,0.10484967138399681,0.028769029541248006,0.024611614764036286,68.32017264736078,0.29832200484775573,20238832044.142857,0.117931991346,0.48321674014086546,0.0314829135,50,0.1,0.66,0.24,1,30271.130859375,30688.1640625,0.013682563415242946,1
2023-06-27,0.013682563415242946,0.004555066754637709,0.08004439424742345,30374.756975446428,0.010318011344318423,28405.517020089286,0.08035928516267998,27485.166536458335,0.11653549640286798,0.023895392530691707,0.024429581105717652,70.31324438402635,-0.0039021599046750177,19412684729.42857,0.096379512438,0.5032782519649374,0.071697337,50,0.16,0.6,0.24,1,30688.1640625,30086.24609375,-0.01980891791303767,0
2023-06-28,-0.01980891791303767,-0.013011190435971402,0.0019612631275646476,30383.178292410714,-0.009772914334471805,28759.914899553572,0.046117354617659645,27563.178580729167,0.09153761078864964,0.014928715188622673,0.023039645106309042,64.04985209220484,-0.11305293179348908,16730504700.857143,-0.0013020683730158719,0.5451792767357514,0.05112254,63,0.20634920634920634,0.5873015873015873,0.20634920634920634,1,30086.24609375,30445.3515625,0.011865197537731036,1
2023-06-29,0.011865197537731036,0.005738843039936374,0.017664184244990902,30459.331194196428,-0.00045896055981331507,29107.69754464286,0.04595533589716472,27654.611979166668,0.10091407485433934,0.01537979599379198,0.02299622251976999,65.99598318900993,-0.09543560262537598,15663033319.428572,0.02344827269215686,0.513485303572967,0.07108651,51,0.19607843137254902,0.5882352941176471,0.21568627450980393,1,30445.3515625,30477.251953125,0.0010472432791648364,1
2023-06-30,0.0010472432791648364,-0.006896477096141863,-0.00713447824399812,30428.157366071428,0.0016134590886636158,29404.11104910714,0.036496287958701856,27763.1984375,0.09775723505830314,0.011471834018940374,0.022663125143498657,66.17117627921748,1.0019410382483698,15987567049.714285,0.03284713131612903,0.5085265283617403,0.060042653,62,0.1935483870967742,0.6290322580645161,0.1774193548387097,1,30477.251953125,30590.078125,0.0036951443630783326,1
2023-07-01,0.0036951443630783326,0.016607585179974266,0.0013537340215741662,30434.069196428572,0.005126127813027903,29695.496930803572,0.030125146458433782,27888.868619791665,0.09685618810981067,0.01145504391864162,0.022718305098156366,66.82225301453906,-0.6556447761221997,15550250512.142857,0.08531653204166667,0.4449306259155046,0.061249200000000004,24,0.125,0.7083333333333334,0.16666666666666666,1,30590.078125,30620.76953125,0.001002809469143997,1
2023-07-02,0.001002809469143997,0.005745197111387151,0.004599204213146662,30454.141741071428,0.00547143280527429,30001.536690848214,0.020640037434838554,28001.241276041666,0.09355043333202673,0.011405585436104431,0.02237331975161804,67.00826547922851,0.1592245985231855,15240243930.428572,0.0493954616,0.33892752626188394,0.033926867,15,0.06666666666666667,0.8,0.13333333333333333,1,30620.76953125,31156.439453125,0.017342426317960315,1
2023-07-03,0.017342426317960315,0.02204038015018257,0.02882646646928361,30580.614397321428,0.018829741231556563,30309.065987723214,0.027957755799700834,28137.2849609375,0.1073008464170917,0.012370634320908694,0.02232016747971928,70.1535045183987,0.4498508282977345,15065772198.428572,-0.020923820930645164,0.5602457984921212,0.036989715,62,0.24193548387096775,0.5806451612903226,0.1774193548387097,1,31156.439453125,30777.58203125,-0.012234379050443955,0
2023-07-04,-0.012234379050443955,0.006110856736660281,0.002909524003596854,30593.38839285714,0.006020700813770041,30484.072684151786,0.009628285240600665,28259.235481770833,0.08911587686452727,0.01289808142821368,0.019313380384344013,65.40432895459008,-0.16114948917347038,14548915124.571428,-0.08513149838928571,0.5808494727327556,0.0169325555,56,0.35714285714285715,0.42857142857142855,0.21428571428571427,1,30777.58203125,30514.166015625,-0.008595533521292817,0
2023-07-05,-0.008595533521292817,-0.003487486253776494,0.01412290839534162,30654.51981026786,-0.004578567712414383,30518.849051339286,-0.0001534473238623546,28417.704427083332,0.07377308022613005,0.010427276218336714,0.012403884149513293,62.24894710027363,-0.02569749090590956,14250361053.285715,-0.0028544324766216237,0.4757263401871051,0.050534892,74,0.20270270270270271,0.6486486486486487,0.14864864864864866,1,30514.166015625,29909.337890625,-0.020020299639946313,0
2023-07-06,-0.020020299639946313,-0.04085021221168305,-0.017762588782335692,30577.946428571428,-0.021865710946556316,30518.638811383928,-0.019964878660697294,28506.722916666666,0.049202953915768566,0.012218967621368787,0.013600607005830047,55.614456107715505,0.6928263838633002,15385840865.857143,0.03635695209698413,0.5762845967093322,0.10811804,63,0.23809523809523808,0.5079365079365079,0.25396825396825395,1,29909.337890625,30342.265625,0.01437090998029806,1
2023-07-07,0.01437090998029806,-0.01424492318094097,-0.004438922081202383,30558.662667410714,-0.007081364939490298,30493.410016741072,-0.004956624780832697,28639.9318359375,0.05943917041472857,0.01380521209887458,0.012195964473682062,58.984185693582155,-0.3665279425348035,13528335717.0,-0.009778465617647059,0.5907866707833975,0.055263007,68,0.29411764705882354,0.45588235294117646,0.25,1,30342.265625,30292.541015625,-0.0016401345457067653,0
2023-07-08,-0.0016401345457067653,-0.007289524205354923,-0.009774200989987535,30516.157366071428,-0.007327801720378169,30475.11328125,-0.005990864215665748,28766.0759765625,0.053064764214145965,0.013673004056033436,0.01214609621850386,58.43544080956622,-0.438960952482639,13303017426.428572,-0.15656815555555556,0.621765925890854,-0.212045015,18,0.3888888888888889,0.4444444444444444,0.16666666666666666,1,30292.541015625,30171.234375,-0.004012544787339061,0
2023-07-09,-0.004012544787339061,0.008718230647252356,-0.014789555246470461,30451.938058035714,-0.009217925062790622,30453.039899553572,-0.00925377320238241,28889.104622395833,0.044381083088681716,0.013657731073297902,0.012173671771105786,57.04125127282356,0.052460930363315006,12927290233.571428,0.24935483375,0.5664184510312381,0.30956322000000003,16,0.125,0.5,0.375,1,30171.234375,30414.470703125,0.008029538805166095,1
2023-07-10,0.008029538805166095,0.002376859472120276,-0.02410244275926461,30345.942522321428,0.00225823207676501,30463.278459821428,-0.0016021833224811877,29041.2123046875,0.04728653831768059,0.011769827603417837,0.012245795420760326,59.14603857603616,0.876198195604313,12863907988.142857,-0.03343446223731343,0.4766803810710623,0.034834243,67,0.1791044776119403,0.6716417910447762,0.14925373134328357,1,30414.470703125,30620.951171875,0.006765948365584515,1
2023-07-11,0.006765948365584515,0.010782942383411704,-0.00510211534323615,30323.56668526786,0.009807041819774431,30458.4775390625,0.005334266382951425,29197.238411458333,0.048761897969704426,0.011594121774102394,0.011797293450384334,60.897483643928815,-0.1804917893336797,12769766663.142857,-0.0832214214153846,0.604986847156343,0.016010275,65,0.35384615384615387,0.4307692307692308,0.2153846153846154,1,30620.951171875,30391.646484375,-0.007516669538967959,0
2023-07-12,-0.007516669538967959,0.007278817631782855,-0.004023251360911172,30306.063895089286,0.0028239427456491217,30480.291852678572,-0.002908284760921087,29346.876627604168,0.035600717242532776,0.011478715923387981,0.010620930981653167,57.92742380349197,0.21838838811187067,13101772011.285715,-0.020402477575333332,0.4981227690578035,0.031832688,75,0.24,0.6,0.16,1,30391.646484375,31476.048828125,0.03505911799946575,1
2023-07-13,0.03505911799946575,0.03430839682608237,0.05105616627850081,30529.879743303572,0.03099157588489887,30553.9130859375,0.030180610241112182,29532.120638020835,0.06582419914679183,0.01442692468428971,0.013820061146454414,66.29843802792118,0.5997989958396395,13467037731.142857,-0.044567385189189186,0.4457767221530296,0.062710497,74,0.25675675675675674,0.6081081081081081,0.13513513513513514,1,31476.048828125,30334.068359375,-0.036955452769762046,0
2023-07-14,-0.036955452769762046,-0.009413004309264377,-0.00027019647155943646,30528.70870535714,-0.006375649486543344,30543.685686383928,-0.006862869437605945,29705.767057291665,0.02115081899321325,0.021526647221280643,0.017376207949898744,54.09255091905364,-0.11686935705802515,14543199517.571428,0.09095977394675324,0.5405173182852515,0.061274875,77,0.16883116883116883,0.5714285714285714,0.2597402597402597,1,30334.068359375,30295.806640625,-0.0012621409438578614,0
2023-07-15,-0.0012621409438578614,-0.0031584757141543,0.00010779713028954373,30529.175223214286,-0.007644116845051063,30522.66629464286,-0.0074324979288482584,29863.080794270834,0.014490328353435666,0.021522433921325565,0.0173382025696859,53.735591726985156,-0.6169946917613203,14614955097.142857,-0.1244313913347826,0.5401795284406944,0.026161633,23,0.30434782608695654,0.5217391304347826,0.17391304347826086,1,30295.806640625,30249.1328125,-0.0015417915284865274,0
2023-07-16,-0.0015417915284865274,-0.039759385242106426,0.0025785503891419706,30540.303571428572,-0.009533983781384925,30496.12081473214,-0.008098997368636618,29993.803125,0.00851274799784174,0.021465551436545393,0.017332423164831922,53.273755441969115,0.06302017624506195,14702560351.142857,-0.0636725712857143,0.5906172615998134,0.11133537299999999,14,0.2857142857142857,0.5714285714285714,0.14285714285714285,1,30249.1328125,30145.888671875,-0.003418965294113633,0
2023-07-17,-0.003418965294113633,-0.006222897766458014,-0.008869953710137818,30501.934709821428,-0.011672900140061726,30423.938616071428,-0.00913918305270145,30114.976888020832,0.001026458827084964,0.021219274364331814,0.016523391713581536,52.20491209402282,0.554635806567199,14475695625.285715,-0.03468859648852459,0.5344616115187649,0.027303636,61,0.26229508196721313,0.5409836065573771,0.19672131147540983,1,30145.888671875,29856.5625,-0.009643886494910275,0
2023-07-18,-0.009643886494910275,-0.0146046433175104,-0.025279788570632643,30392.736328125,-0.017641512180291308,30358.151506696428,-0.01652238301089537,30232.321875,-0.012429061074224923,0.021089950882656326,0.01641842175699807,49.22441760559256,-0.007647855843545881,14616703927.714285,0.014672147732727275,0.6010380585631543,0.059427828,55,0.2727272727272727,0.4727272727272727,0.2545454545454545,1,29856.5625,29913.923828125,0.0019193869502834365,1
2023-07-19,0.0019193869502834365,-0.011143464838740517,-0.015843732081381248,30324.490234375,-0.013539103314739065,30315.27706473214,-0.013239306233293946,30334.418359375,-0.013861961230584918,0.02110029514961554,0.01634220707435606,49.835903035934656,-0.07689339800104045,14234267227.0,0.07405397772580645,0.522920318548059,0.0605648795,62,0.22580645161290322,0.5161290322580645,0.25806451612903225,1,29913.923828125,29792.015625,-0.004083626307646249,0
2023-07-20,-0.004083626307646249,-0.011808125852273168,-0.05498647638849321,30083.9140625,-0.009702807849190531,30306.896902901786,-0.01698891442272632,30383.2359375,-0.019458767121322218,0.01330913947517153,0.015479101014360204,48.49911236668306,0.20831783744292354,12944142594.571428,0.06147624470526316,0.532281149722294,0.08503388,57,0.19298245614035087,0.5614035087719298,0.24561403508771928,1,29792.015625,29908.744140625,0.003910458253167224,1
2023-07-21,0.003910458253167224,0.0017462188958043913,-0.01412056536556381,30023.153459821428,-0.003810702941299482,30275.931082589286,-0.01212801485650905,30379.2841796875,-0.015488845500089776,0.0043937718627040726,0.014961265289102164,49.885277962149864,-0.2512702326617633,11523412188.571428,-0.05324648163181818,0.5258563701247247,0.053212058,66,0.2727272727272727,0.5151515151515151,0.21212121212121213,1,29908.744140625,29771.802734375,-0.004589155219131938,0
2023-07-22,-0.004589155219131938,-0.004762323273610851,-0.017447579640837953,29948.295758928572,-0.005893257699011278,30238.735491071428,-0.015441543738966779,30374.6015625,-0.019845489228382363,0.004477625491007446,0.014991278009314256,48.24471592190243,-0.2824704812002806,11503645451.714285,0.0782087410625,0.4811213236563029,0.0071903065,16,0.1875,0.5625,0.25,1,29771.802734375,30084.5390625,0.010449658783391701,1
2023-07-23,0.010449658783391701,0.009770961817427135,-0.005456129328959543,29924.782366071428,0.005338608464190653,30232.54296875,-0.004895516278699552,30354.237239583334,-0.00888502567053917,0.006662689080060272,0.015280905868124379,52.11751673164903,0.17106478220101606,11604156963.142857,-0.0797795158235294,0.5528580562586598,-0.025937792,17,0.29411764705882354,0.47058823529411764,0.23529411764705882,1,30084.5390625,29176.916015625,-0.030633538164858885,0
2023-07-24,-0.030633538164858885,-0.024773034600599025,-0.032670702199704846,29786.35770089286,-0.020460429952118275,30144.14620535714,-0.032086833149722715,30308.511263020835,-0.037335890158896934,0.01319623395536485,0.017067404191403887,42.23892224961805,0.6698020813674725,11912108580.428572,-0.057704870109374994,0.5594782374459172,0.0444819325,64,0.28125,0.53125,0.1875,1,29176.916015625,29227.390625,0.0017284554802405464,1
2023-07-25,0.0017284554802405464,-0.018455423901226557,-0.021298360224553958,29696.476004464286,-0.015795994763613264,30044.60616629464,-0.027200075007520974,30266.748893229167,-0.03433993759606202,0.01318146292255816,0.01689868958842048,42.88725301003061,-0.33314532579905287,11501805083.857143,0.05070699361290323,0.5428721100146243,0.093981045,62,0.1935483870967742,0.5967741935483871,0.20967741935483872,1,29227.390625,29354.97265625,0.004355653333464597,1
2023-07-26,0.004355653333464597,-0.02454942935115366,-0.018862093841372735,29616.625837053572,-0.008834672195379367,29970.558035714286,-0.020539670256747522,30236.210286458332,-0.02914510852581964,0.013365196249211625,0.016970010442941635,44.580518384675706,0.3146832921249394,11697369632.857143,-0.04822361939622641,0.568059063931208,0.039067823,53,0.2830188679245283,0.4528301886792453,0.2641509433962264,1,29354.97265625,29210.689453125,-0.004927238584293436,0
2023-07-27,-0.004927238584293436,0.0011568702294118877,-0.019705706118019937,29533.579241071428,-0.010932971764471944,29808.746651785714,-0.020063144742279437,30186.9611328125,-0.032340839986914616,0.013383599804870307,0.013086790480494371,43.026904729978725,-0.20201995899975111,11142451360.857143,-0.03243611845254238,0.5448602323084781,0.050319232,59,0.2542372881355932,0.576271186440678,0.1694915254237288,1,29210.689453125,29319.24609375,0.0037094442045335473,1
2023-07-28,0.0037094442045335473,0.0031378589537048433,-0.019906720166653666,29449.365234375,-0.00441840221646328,29736.259347098214,-0.01402372936288332,30161.394466145834,-0.02792140042931668,0.0133669694455655,0.009568691009022377,44.59149158806416,0.04156577031059938,11177549237.142857,-0.10987742625471697,0.5111170684964579,0.011567548,53,0.33962264150943394,0.5094339622641509,0.1509433962264151,1,29319.24609375,29356.91796875,0.0012840607690722545,1
2023-07-29,0.0012840607690722545,6.626638931248186e-05,-0.014033504178449466,29390.09598214286,-0.0011288841456325027,29669.195870535714,-0.010525324081864795,30125.113346354166,-0.025500165551979093,0.013423366411176283,0.009616683980573453,45.15437362398836,-0.42222307517436264,10978760003.0,-0.11946884368749999,0.606557321202556,-0.006401137500000001,16,0.375,0.4375,0.1875,1,29356.91796875,29275.30859375,-0.0027837737874393067,0
2023-07-30,-0.0027837737874393067,0.0022097311861666025,-0.02726693674928046,29274.491629464286,2.7907035792695822e-05,29599.63699776786,-0.01095717505056959,30085.048567708334,-0.026915029641250587,0.012258306958446343,0.009615390194145637,44.1089903546053,0.33890072441487185,10901375642.571428,-0.11720073395,0.6307186709051854,-0.0320374445,20,0.3,0.5,0.2,1,29275.30859375,29230.111328125,-0.0015450628224417467,0
2023-07-31,-0.0015450628224417467,-0.0030447758408086688,0.0018215385931367582,29282.090959821428,-0.001775133878511248,29534.22433035714,-0.0102969693339654,30039.716341145835,-0.026951153726838206,0.0034474231429317435,0.00961221787111645,43.50822636140361,0.3431863871307925,10367227726.428572,-0.038331862693548394,0.4923369871177973,0.034573244,62,0.22580645161290322,0.6129032258064516,0.16129032258064516,1,29230.111328125,29675.732421875,0.01513023382608844,1
2023-08-01,0.01513023382608844,0.010801397216207573,0.015223316938984537,29346.139787946428,0.011231209157667399,29521.30789620536,0.005230951359356695,30008.215104166666,-0.011079722040698736,0.006640930175319618,0.010386349358682075,50.64563567525652,0.5675331681775979,11510887669.0,-0.10506661992736842,0.5387140657209009,0.00042625144,57,0.3157894736842105,0.5614035087719298,0.12280701754385964,1,29675.732421875,29151.958984375,-0.01780750751690934,0
2023-08-02,-0.01780750751690934,-0.004222336513262535,-0.006939843911389468,29317.137834821428,-0.005634207929064439,29466.8818359375,-0.01068734904887092,29941.399088541668,-0.026366172864272786,0.009907692119978977,0.011337133892953783,43.662833730149,0.051458133498880176,12327330660.857143,-0.007191852704918029,0.5027427515517385,0.08116371,61,0.22950819672131148,0.6229508196721312,0.14754098360655737,1,29151.958984375,29178.6796875,0.0009161807791750279,1
2023-08-03,0.0009161807791750279,-0.0017610929116459247,-0.0010964245479210405,29312.565011160714,-0.0045675062421093315,29423.072126116072,-0.00830614959473075,29888.10234375,-0.023735955133275644,0.009765964328144175,0.011339871506379974,44.086373749531695,-0.3347948345396661,12614413307.857143,-0.07034536708030302,0.5023896827921019,0.013217764,66,0.2878787878787879,0.5757575757575758,0.13636363636363635,1,29178.6796875,29074.091796875,-0.0035908335462961935,0
2023-08-04,-0.0035908335462961935,-0.02048216028403063,-0.008396702298750846,29277.54296875,-0.006949052114522014,29363.4541015625,-0.009854504980464918,29840.099869791666,-0.025670425912083683,0.009673659364370417,0.011242078372056994,42.73220447064738,-0.05819224882282881,12731294027.285715,-0.08286998559611113,0.5174613153355846,0.003323968505,54,0.2777777777777778,0.5555555555555556,0.16666666666666666,1,29074.091796875,29042.126953125,-0.0011000318899209226,0
2023-08-05,-0.0011000318899209226,-0.0037746846570421854,-0.010780794957743926,29232.572823660714,-0.006514851487227524,29311.334402901786,-0.00918441467305342,29811.192838541665,-0.02579789039579694,0.009613426458152333,0.011219434125016471,42.30451245920353,-0.4518099436737927,12747949797.857143,0.11523120831250001,0.6209949701660243,0.07342744,16,0.1875,0.4375,0.375,1,29042.126953125,29041.85546875,-9.347994530765627e-06,0
2023-08-06,-9.347994530765627e-06,-0.0047002134307477855,-0.008006369164835518,29199.22237723214,-0.005389421212972034,29236.857003348214,-0.006669716056547426,29767.845833333333,-0.024388407836027803,0.009610798856964916,0.01067815557313606,42.30064006361849,0.10175861797893715,12546714436.0,-0.07578024567647057,0.6902114693303633,-0.013999818,17,0.35294117647058826,0.35294117647058826,0.29411764705882354,1,29041.85546875,29180.578125,0.004765273802377892,1
2023-08-07,0.004765273802377892,0.0036558939179262436,-0.0016960325400157857,29192.14620535714,-0.00039627371950534673,29237.118582589286,-0.0019338587497796933,29730.780403645833,-0.018506149895021307,0.009859613176912786,0.007100725843551027,45.06763618149869,0.8732496916684993,12826911825.714285,-0.024153675112962965,0.5843337038055239,0.029323859,54,0.25925925925925924,0.5555555555555556,0.18518518518518517,1,29180.578125,29765.4921875,0.01984638697905339,1
2023-08-08,0.01984638697905339,0.02460231278690059,0.0030201206129489336,29204.96902901786,0.019192732508129362,29275.55440848214,0.016735388583312583,29717.2556640625,0.0016231823013130864,0.011160457326803016,0.008869062772712781,54.890440464991244,0.2902298526561038,12726650249.428572,0.06054836013454546,0.5080393028523508,0.053826094,55,0.21818181818181817,0.5818181818181818,0.2,1,29765.4921875,29561.494140625,-0.006877101417061734,0
2023-08-09,-0.006877101417061734,0.017734559364369514,0.013950526712796682,29263.474051339286,0.010184029714410237,29290.30594308036,0.009258633148852669,29688.823111979167,-0.0042887847347101715,0.008670088506338379,0.009077312197308783,51.43588589513935,0.04604063806292191,12607631051.571428,-0.06151305225890411,0.5461841198494619,0.037362143,73,0.273972602739726,0.5616438356164384,0.1643835616438356,1,29561.494140625,29429.591796875,-0.004471948989328098,0
2023-08-10,-0.004471948989328098,0.008497336572663505,0.008562396944293565,29299.31863839286,0.0044462862802356895,29305.941824776786,0.0042192799275153625,29649.1111328125,-0.007403909511963791,0.009013975122868518,0.009057162972367264,49.27642320691072,-0.35442579534620655,12476914914.857143,0.022089080836666667,0.44080969916063456,0.045777392,60,0.2,0.65,0.15,1,29429.591796875,29397.71484375,-0.0010837469218066252,0
2023-08-11,-0.0010837469218066252,-0.012432797328196419,0.011069483568783055,29345.55050223214,0.001777589468423546,29311.546735491072,0.002939732557838415,29615.980078125,-0.007369846744873287,0.008838925709669546,0.009018375935314907,48.74381485721628,-0.14076089837257577,12213847516.142857,0.08780075119642858,0.5361714948880518,0.063860027,56,0.16071428571428573,0.5714285714285714,0.26785714285714285,1,29397.71484375,29415.96484375,0.0006206039371356436,1
2023-08-12,0.0006206039371356436,-0.004935091973999163,0.012790119395839607,29398.955915178572,0.0005785555317168178,29315.76436941964,0.0034179724283389668,29547.310611979166,-0.004445269823505238,0.008775628303893073,0.00901393186537366,49.08312844731257,-0.39242218585243804,12156132038.285715,-0.0415025007325,0.5737017922503377,0.031304846,20,0.35,0.4,0.25,1,29415.96484375,29282.9140625,-0.004533340724443713,0
2023-08-13,-0.004533340724443713,-0.004996483709114769,0.008266126665926606,29433.39285714286,-0.005112519490132139,29316.3076171875,-0.001139077783039788,29512.272135416668,-0.007771616901072975,0.009094222824271104,0.009069593860950883,46.65807648492338,0.1833182987701798,12164716350.571428,0.06523632400000001,0.6097159571287107,0.0662434,19,0.2631578947368421,0.42105263157894735,0.3157894736842105,1,29282.9140625,29408.443359375,0.004277614074716283,1
2023-08-14,0.004277614074716283,0.0003648772874082008,0.007778466938265045,29465.94503348214,-0.0019514620705971542,29329.04561941964,0.002707136842625024,29482.693359375,-0.002518426627273862,0.009064006085199304,0.009125707294123691,49.20782850176655,0.9118542811537773,12221220864.0,-0.04520666612105264,0.5742545991821694,0.015577581,57,0.2807017543859649,0.5263157894736842,0.19298245614035087,1,29408.443359375,29170.34765625,-0.008129120118753778,0
2023-08-15,-0.008129120118753778,-0.008384846768481136,-0.020197040159542004,29380.924386160714,-0.007167124054473284,29292.946707589286,-0.0041852754713653795,29446.733854166665,-0.009385971268849436,0.004387670513059787,0.008326728846457288,44.830639028746795,-0.09801123081418472,11516882924.285715,0.13212552049107143,0.5448666425190065,0.12191167,56,0.21428571428571427,0.4642857142857143,0.32142857142857145,1,29170.34765625,28701.779296875,-0.016193584838703763,0
2023-08-16,-0.016193584838703763,-0.020045090882741163,-0.02951352358118395,29258.107979910714,-0.019014513290391277,29260.791015625,-0.019104463664413318,29398.596875,-0.023702409373066335,0.006636847762828844,0.008087247808278181,37.719582826960526,0.18267724372087835,11026847308.714285,-0.018267190201388887,0.5223054929224378,0.01351987125,72,0.2222222222222222,0.5694444444444444,0.20833333333333334,1,28701.779296875,26664.55078125,-0.07362412009606191,0
2023-08-17,-0.07362412009606191,-0.09794682505351951,-0.09866569468791782,28863.102120535714,-0.07617169249875866,29081.210379464286,-0.08310037879031373,29292.196484375,-0.08970463189834998,0.027075609880372685,0.02095291123777278,21.644393993077898,1.081763674568856,13777633940.428572,-0.1028720744463768,0.5910930344725602,0.026528694,69,0.34782608695652173,0.43478260869565216,0.21739130434782608,1,26664.55078125,26049.556640625,-0.023334248653811243,0
2023-08-18,-0.023334248653811243,-0.11315195358857691,-0.12091619641992243,28384.793805803572,-0.08227071090088767,28865.17215401786,-0.0975436937763402,29163.384244791665,-0.10677181969108296,0.02659533822293343,0.021406205329799335,19.01049805576295,-0.2279698146396565,15753500845.0,-0.3006159154259259,0.517873154362058,-0.31343931,54,0.46296296296296297,0.48148148148148145,0.05555555555555555,1,26049.556640625,26096.205078125,0.0017891559507894222,1
2023-08-19,0.0017891559507894222,-0.09516921279908369,-0.11974764440626853,27910.542410714286,-0.06500544868998315,28654.749162946428,-0.08928865753708604,29040.190559895833,-0.10137624530041622,0.026729707194818483,0.0214900087105365,19.807642401789195,-0.5575069029572026,16387370245.571428,-0.09272735323809524,0.5004254510265308,0.04903698,21,0.23809523809523808,0.6666666666666666,0.09523809523809523,1,26096.205078125,26189.583984375,0.003571869420107809,1
2023-08-20,0.003571869420107809,-0.01797322328291393,-0.11164243426171706,27468.638113839286,-0.04656416252467466,28451.015485491072,-0.07948508910936114,28916.2185546875,-0.09429429941386636,0.027528755133518736,0.021608808721500155,21.473811684477823,-0.15001380999632752,16631182137.0,0.07964706927058823,0.5364396479862961,0.07513013,17,0.23529411764705882,0.5294117647058824,0.23529411764705882,1,26189.583984375,26124.140625,-0.002501958864606914,0
2023-08-21,-0.002501958864606914,0.00285906650629039,-0.11842200720104037,26999.452008928572,-0.032419598132551464,28232.69852120536,-0.0746849577493146,28794.629817708334,-0.09274261241122173,0.02680838227865016,0.02138058933756004,21.142269171431025,0.47971436887848773,16539448221.142857,-0.11391888134629628,0.4646092523758186,-0.00115684785,54,0.24074074074074073,0.6296296296296297,0.12962962962962962,1,26124.140625,26031.65625,-0.0035464695192522202,0
2023-08-22,-0.0035464695192522202,-0.002476558963751365,-0.11383935660153885,26551.067522321428,-0.019562726503737027,27965.995954241072,-0.06916756003991797,28659.533723958335,-0.0916929598111893,0.02711298660008933,0.019908527329875362,20.656888525423454,0.08467695552458698,16805680353.571428,-0.16020243409781249,0.5573392950072386,-0.0165878365,64,0.40625,0.40625,0.1875,1,26031.65625,26431.640625,0.015248455549160829,1
2023-08-23,0.015248455549160829,0.009200027165301756,-0.08239731621367427,26226.76199776786,0.0078118155512136855,27742.434988839286,-0.04724871354539051,28568.024544270833,-0.0747823468143608,0.029615332908976524,0.020988015105992047,28.321324060445946,0.17108906193065843,17096536622.285715,-0.21442877147076922,0.4707903859308725,-0.012692675,65,0.36923076923076925,0.5384615384615384,0.09230769230769231,1,26431.640625,26162.373046875,-0.01023956576112509,0
2023-08-24,-0.01023956576112509,0.001462420268783452,-0.01901276187873736,26155.022321428572,0.00028104451053767576,27509.06222098214,-0.048954383224302456,28465.857291666667,-0.0809209510604133,0.012006991766067515,0.02097016926846213,26.467735041825208,-0.2421942531881317,14489491024.0,-0.05017621320563381,0.5555336424656723,0.03791058,71,0.30985915492957744,0.5211267605633803,0.16901408450704225,1,26162.373046875,26047.66796875,-0.004393992436939317,0
2023-08-25,-0.004393992436939317,0.000614897351096338,-7.250566186543073e-05,26154.752511160714,-0.00409426708836258,27269.77315848214,-0.04481537791420942,28355.613802083335,-0.08139290686642675,0.008077407757840651,0.020899806274857602,25.696206197307816,-0.03616406377797343,12829463679.571428,0.016162337147636364,0.5012291475104192,0.045039427,55,0.23636363636363636,0.5454545454545454,0.21818181818181817,1,26047.66796875,26008.462890625,-0.0015062619864454853,0
2023-08-26,-0.0015062619864454853,-0.016139820184509875,-0.0033679235991004833,26142.217912946428,-0.005116437433381971,27026.38016183036,-0.0376638404814188,28248.872916666667,-0.07930971379462859,0.008051036973169546,0.02083492690891094,25.423425387084592,-0.5135583291371357,12172802751.571428,-0.22263280595,0.5526861268759296,-0.0666598915,20,0.35,0.55,0.1,1,26008.462890625,26089.693359375,0.003118365040993392,1
2023-08-27,0.003118365040993392,-0.002781889382391516,-0.0038214279782149366,26127.947823660714,-0.0014641205097275511,26798.29296875,-0.026441968158244733,28141.221158854165,-0.07290116473263586,0.008014729727818741,0.021054495297738136,27.14903066456735,0.14564671123840855,11869543921.714285,-0.09913939516666667,0.5716720015619382,0.025078220499999998,18,0.2777777777777778,0.5,0.2222222222222222,1,26089.693359375,26106.150390625,0.0006305878251208892,1
2023-08-28,0.0006305878251208892,0.0022426908796686455,-0.0006888812884870853,26125.377790178572,-0.0007359663736919986,26562.414899553572,-0.017177071838307967,28032.862239583334,-0.06873047184735037,0.00797466396350896,0.0209096693414596,27.514966205724548,0.5914338163551247,11531150675.0,-0.10634628813207547,0.5740484188925808,0.013014697,53,0.3018867924528302,0.5471698113207547,0.1509433962264151,1,26106.150390625,27727.392578125,0.060249892570851026,1
2023-08-29,0.060249892570851026,0.06399884543696541,0.06310748080161623,26367.625837053572,0.05156955538866126,26459.3466796875,0.04792430870604081,27981.2650390625,-0.009072944364133861,0.02391016237892586,0.02784200079308311,52.71396336081959,1.6691731125760443,13654660818.714285,-0.01522153315625,0.5731110588538063,0.064088702,64,0.28125,0.515625,0.203125,1,27727.392578125,27297.265625,-0.015634289371322937,0
2023-08-30,-0.015634289371322937,0.04524619102464915,0.032224735881132616,26491.286551339286,0.030424308464549243,26359.024274553572,0.03559469199898202,27916.836848958334,-0.022193460788930697,0.02537281827943683,0.027822971998357905,47.95111188711956,-0.4434950542994174,13563002168.714285,0.09412312427272727,0.4773545365136122,0.08859898,55,0.16363636363636364,0.6,0.23636363636363636,1,27297.265625,25931.47265625,-0.05132914544958933,0
2023-08-31,-0.05132914544958933,-0.006713542250061178,-0.008864843807331707,26458.30078125,-0.019911638670815246,26306.661551339286,-0.014262124989029124,27792.028190104167,-0.06694565510395711,0.03298897056617734,0.02386177489244839,36.63274576194042,0.23479118721143277,14607212087.0,-0.015175997455172415,0.5497576158758483,0.052026809,58,0.27586206896551724,0.5517241379310345,0.1724137931034483,1,25931.47265625,25800.724609375,-0.005054814300673318,0
2023-09-01,-0.005054814300673318,-0.07201824912158568,-0.009525665671065883,26423.02315848214,-0.02355137583518241,26288.887834821428,-0.018569185144448053,27680.320377604166,-0.06790368545553127,0.03300035588353454,0.023091775165603148,35.76248820199318,-0.14757142935800283,15292471673.142857,-0.024503382511111112,0.5238443420479589,0.012657252,54,0.2037037037037037,0.6111111111111112,0.18518518518518517,1,25800.724609375,25868.798828125,0.0026349868784771645,1
2023-09-02,0.0026349868784771645,-0.05374897287178566,-0.005384416806143252,26403.071149553572,-0.020235233939352004,26272.64453125,-0.015371338147731839,27569.991015625,-0.061704488279878955,0.03303441682597588,0.02309985313692094,36.60689648720738,-0.41286587410610176,15873267409.857143,-0.11331621263636364,0.45896969330048604,0.01278827,11,0.36363636363636365,0.5454545454545454,0.09090909090909091,1,25868.798828125,25969.56640625,0.0038877655416867615,1
2023-09-03,0.0038877655416867615,0.001467938119490342,-0.004615016305449846,26385.91015625,-0.015779017950661056,26256.92898995536,-0.010944257183133965,27466.5068359375,-0.054500575505614934,0.033050783580815424,0.023104422007577362,37.90803055659498,-0.11265537614687504,16165946825.857143,0.16847557625,0.36272195410777003,0.129122572,12,0.08333333333333333,0.6666666666666666,0.25,1,25969.56640625,25812.416015625,-0.006069712504034206,0
2023-09-04,-0.006069712504034206,0.0004530399161296488,-0.011315316634604939,26343.948102678572,-0.020176629751237907,26234.662946428572,-0.01609500116947582,27358.8498046875,-0.05652407904946144,0.033104182144780225,0.023146620686569627,36.6448306599264,0.19169940105501682,16119922531.571428,0.058072977758620685,0.5354152699540069,0.06579891,58,0.20689655172413793,0.5689655172413793,0.22413793103448276,1,25812.416015625,25779.982421875,-0.0012573014244295709,0
2023-09-05,-0.0012573014244295709,-0.0034392483867770637,-0.07282251062988565,26065.746651785714,-0.010963209062386015,26216.68624441964,-0.0166574760239806,27250.120703125,-0.053949789700616146,0.01918139343376191,0.02313424593547444,36.37542099057048,0.03877156460175013,13509400864.142857,-0.036395372896721304,0.5496416663043799,0.074384764,61,0.26229508196721313,0.5573770491803278,0.18032786885245902,1,25779.982421875,25753.236328125,-0.001038013801593385,0
2023-09-06,-0.001038013801593385,-0.008365027730057149,-0.058226235060156166,25845.171037946428,-0.0035571329625347925,26168.22879464286,-0.015858637960350475,27135.8759765625,-0.05095246048558366,0.019310886859892327,0.022675852465869013,36.139464382341174,0.14943705585011613,12996408020.142857,0.060219995281159414,0.4899152788735038,0.10497421,69,0.17391304347826086,0.6521739130434783,0.17391304347826086,1,25753.236328125,26240.1953125,0.01873210550195057,1
2023-09-07,0.01873210550195057,0.016436790275927513,0.011835015891383882,25889.274274553572,0.01355468810075311,26173.787527901786,0.0025371866615568894,27018.366080729167,-0.028801548024926515,0.008346564492912423,0.023168662390898757,43.34518833297824,-0.13051334476271004,11697451684.285715,-0.15644685723079366,0.45212408945162935,0.026585042,63,0.30158730158730157,0.6349206349206349,0.06349206349206349,1,26240.1953125,25905.654296875,-0.012831149860508746,0
2023-09-08,-0.012831149860508746,0.0048629418398482924,0.004058680331548434,25904.264229910714,5.366170418685812e-05,26163.643694196428,-0.009860606585872955,26896.504752604167,-0.03683937615103061,0.009787189586463525,0.023406206348616523,40.005496462712586,-0.02443571390622834,10785236567.0,-0.06050886538833333,0.48708654381009747,0.011068729749999999,60,0.26666666666666666,0.5833333333333334,0.15,1,25905.654296875,25895.677734375,-0.00038518556307899995,0
2023-09-09,-0.00038518556307899995,0.005515770078362741,0.0010385078899922855,25908.104073660714,-0.0004796313636221683,26155.58761160714,-0.00993706893882973,26778.7076171875,-0.03297507465392924,0.009747981759283852,0.023404013087858742,39.90674851254535,-0.4932852418544701,10125368946.857143,-0.24367820418181818,0.5341224951124001,-0.021085769,11,0.36363636363636365,0.5454545454545454,0.09090909090909091,1,25895.677734375,25832.2265625,-0.0024532679048573473,0
2023-09-10,-0.0024532679048573473,-0.01566960332844519,-0.005302525556551665,25888.48409598214,-0.0021730717516547093,26137.197126116072,-0.011668066860594961,26659.8580078125,-0.031044105526367383,0.00963656302447032,0.02338858961685307,39.2432847913864,0.4411786766392902,9973515878.857143,-0.1517376269375,0.6377594516972908,0.029446015,16,0.4375,0.375,0.1875,1,25832.2265625,25162.654296875,-0.026261881067480307,0
2023-09-11,-0.026261881067480307,-0.029100334535416692,-0.025494694119997875,25795.660993303572,-0.024539270251415446,26069.804547991072,-0.03479697170134621,26518.080989583334,-0.051113302400756844,0.013669842399102248,0.024354544439974927,33.00707920780431,0.8482066491780342,10533426073.285715,-0.03939929271034483,0.5716608767174736,0.028181796500000002,58,0.27586206896551724,0.5,0.22413793103448276,1,25162.654296875,25833.34375,0.0263051279529175,1
2023-09-12,0.0263051279529175,-0.0024100210194202003,0.002067735257349136,25803.284040178572,0.0011649567463825061,25934.51534598214,-0.0039010405489537936,26403.0953125,-0.021578968517008135,0.01781296302889883,0.01862995039707575,42.81054684266923,0.27789527807200254,11613788828.142857,-0.19394920053055556,0.5306159488440354,-0.0741460975,72,0.3611111111111111,0.5138888888888888,0.125,1,25833.34375,26228.32421875,0.015173852958685846,1
2023-09-13,0.015173852958685846,0.015217099844122955,0.01827960201762831,25871.153738839286,0.013805742237715135,25858.16238839286,0.014315086462729498,26297.091341145835,-0.002615008690647014,0.01864517009102889,0.019097720292327956,47.66747135659797,-0.2993578086605271,11659413362.857143,0.10129889692923078,0.4677319397332904,0.08856596,65,0.13846153846153847,0.6615384615384615,0.2,1,26228.32421875,26539.673828125,0.011800835130971608,1
2023-09-14,0.011800835130971608,0.05327981604257486,0.01134833164664937,25913.936383928572,0.024146753890485817,25901.605329241072,0.02463432249751696,26209.402213541667,0.012601264687093439,0.017811789966405506,0.013363460291558306,51.18665074011776,0.05655429126076905,12048420794.857143,0.0063796052558823535,0.5361730823250157,0.079700735,68,0.2647058823529412,0.5147058823529411,0.22058823529411764,1,26539.673828125,26608.693359375,0.0025972414093191217,1
2023-09-15,0.0025972414093191217,0.029571929498976503,0.02677672291647738,26014.370535714286,0.02284594289317088,25959.3173828125,0.025015140690580973,26139.632682291667,0.017944424957474503,0.016641497707819444,0.013223627214235537,51.95790921299325,-0.16881925341788684,12143046421.714285,0.13770564141666666,0.48984843787116844,0.0947615275,72,0.09722222222222222,0.6111111111111112,0.2916666666666667,1,26608.693359375,26568.28125,-0.0015199103541191222,0
2023-09-16,-0.0015199103541191222,0.012878166186171542,0.025641998125437254,26110.45675223214,0.01753414358516414,26009.280412946428,0.021492360733491145,26136.423697916667,0.016523207500563908,0.0166947880871474,0.013259749872235051,51.44536446587393,-0.35520890430792895,12417434605.285715,-0.20744906857142856,0.43137424586459394,-0.008711163,21,0.3333333333333333,0.6190476190476191,0.047619047619047616,1,26568.28125,26534.1875,-0.0012840741866492755,0
2023-09-17,-0.0012840741866492755,-0.00020674313144937356,0.026811191843645166,26210.736886160714,0.012340386126651337,26049.610491071428,0.018602082710398316,26152.578059895834,0.01459165667071849,0.0166291154527052,0.013272321105299547,50.98838226053626,-0.0848173577807445,12256671408.571428,-0.14072291263157893,0.43093662983973097,-0.22710073,19,0.2631578947368421,0.5263157894736842,0.21052631578947367,1,26534.1875,26754.28125,0.008260511389751386,1
2023-09-18,0.008260511389751386,0.005456526848982933,0.06133358430087685,26438.112165178572,0.011958837410405154,26116.886579241072,0.024405461532522654,26174.513932291666,0.022150070072287864,0.01002500824659774,0.013192955576315064,53.8390425764749,1.3051157419938932,12401719006.857143,0.10625091657627118,0.5190088311220826,0.064036004,59,0.1694915254237288,0.5084745762711864,0.3220338983050847,1,26754.28125,27211.1171875,0.016931102662432373,1
2023-09-19,0.016931102662432373,0.023907539865534497,0.051959559010391856,26634.936941964286,0.02163249895395558,26219.110491071428,0.03783525366989049,26208.5650390625,0.038252843944078796,0.00763133164177919,0.01367488665100556,59.150031465141645,-0.11576111342677031,11708920610.571428,0.04524240213953125,0.4964397321537894,0.042729025500000004,64,0.15625,0.609375,0.234375,1,27211.1171875,27132.0078125,-0.0029114788993918343,0
2023-09-20,-0.0029114788993918343,0.022280135152791834,0.0338742271523142,26764.034598214286,0.013748794597293834,26317.594168526786,0.030945596271378495,26242.160611979165,0.03390906768990032,0.007631251735466864,0.013735526943984564,57.907554949491605,-0.038136279495342595,11738783401.142857,-0.014566670531884058,0.5162264345858844,0.012043932,69,0.2463768115942029,0.5362318840579711,0.21739130434782608,1,27132.0078125,26567.6328125,-0.021020467716698094,0
2023-09-21,-0.021020467716698094,-0.0070008439536576005,0.0010529243046443774,26768.028738839286,-0.007486390884231198,26340.982561383928,0.008604472159984722,26260.026497395833,0.01171386156577836,0.011660341022907193,0.014483177478473313,49.86086105551441,0.006801167905776451,11675938341.714285,-0.0576953502,0.5725873125863676,0.038628934000000004,70,0.32857142857142857,0.4714285714285714,0.2,1,26567.6328125,26579.568359375,0.0004491505408555205,1
2023-09-22,0.0004491505408555205,-0.023482796075234413,-0.00109516656381913,26763.868024553572,-0.006886137123733094,26389.119280133928,0.007216954731204206,26264.957421875,0.011978353227330096,0.011613386148504877,0.013940394633501154,50.01903906013739,-0.2088553083710144,11547225616.142857,-0.10829965798490566,0.5434321498053148,0.021825999,53,0.32075471698113206,0.5094339622641509,0.16981132075471697,1,26579.568359375,26579.390625,-6.686902016047694e-06,0
2023-09-23,-6.686902016047694e-06,-0.020578004077858605,0.0004180568882840462,26765.455078125,-0.006951664097692434,26437.955915178572,0.005349684002620814,26278.8580078125,0.011436289092096485,0.011597849788288274,0.013936125284570739,50.01650861814525,-0.3000399286712896,11547606885.285715,-0.09143600932608696,0.5478985869059765,-0.0105354525,23,0.34782608695652173,0.4782608695652174,0.17391304347826086,1,26579.390625,26256.826171875,-0.012210127075315798,0
2023-09-24,-0.012210127075315798,-0.011767663436476299,-0.010507996000382472,26725.83203125,-0.017548784218452074,26468.28445870536,-0.007989119474677953,26285.829947916667,-0.0011033996681533154,0.012508330858404228,0.0144045800858744,45.51606326668071,0.10644149701690941,11750272173.285715,-0.21513185113913044,0.4619940433864905,-0.048172683,23,0.391304347826087,0.5217391304347826,0.08695652173913043,1,26256.826171875,26298.48046875,0.001585160786217759,1
2023-09-25,0.001585160786217759,-0.010631653191114124,-0.01718334660391614,26660.717633928572,-0.01358692478395962,26549.414899553572,-0.009451599282053968,26295.497200520833,0.00011345167601950479,0.01187869010312796,0.01205747459279937,46.18940862393025,0.464424145101469,11233485545.0,-0.1702523108786885,0.5219908821853783,-0.024518631,61,0.32786885245901637,0.5409836065573771,0.13114754098360656,1,26298.48046875,26217.25,-0.003093569595525136,0
2023-09-26,-0.003093569595525136,-0.013718535884623252,-0.03720801886187361,26518.73660714286,-0.011368814872638078,26576.836774553572,-0.013530081762697432,26299.749088541666,-0.0031368774000056776,0.008305941621168406,0.0101195685760935,45.02091186563872,-0.16772487605842712,10687458060.857143,-0.006968396374242426,0.5451953628066856,0.059185169999999995,66,0.24242424242424243,0.5303030303030303,0.22727272727272727,1,26217.25,26352.716796875,0.005153782852789497,1
2023-09-27,0.005153782852789497,0.0036453740434820893,-0.029142757109692215,26407.409319196428,-0.00207110518341036,26585.72195870536,-0.00876429694827463,26307.96796875,0.0017009610236013994,0.009205657855045245,0.009370714267695071,47.41028782579309,0.17353994843923348,10464210117.0,-0.1299241771196875,0.5276347890328206,0.012341231,64,0.328125,0.546875,0.125,1,26352.716796875,27021.546875,0.02506320623495958,1
2023-09-28,0.02506320623495958,0.027123419492223997,0.01694091684196537,26472.25418526786,0.020749751263639205,26620.141462053572,0.015079011263656295,26284.439778645832,0.028043477531258354,0.011365873177436812,0.011124852111321736,57.281501517828566,0.20144606243851748,10565289974.0,0.07823232444827585,0.4726111762493782,0.079095635,58,0.1724137931034483,0.6551724137931034,0.1724137931034483,1,27021.546875,26911.720703125,-0.004072674570297436,0
2023-09-29,-0.004072674570297436,0.026144314517451632,0.012419091730812418,26519.704520089286,0.014782072052829776,26641.786272321428,0.010131994455792714,26271.58828125,0.024365958198723003,0.011622171429819458,0.011206862627166596,55.441248678075105,-0.2615645018783218,10539245498.0,0.014691855127777773,0.4530715853288382,0.058406615999999995,54,0.18518518518518517,0.6851851851851852,0.12962962962962962,1,26911.720703125,26967.916015625,0.002085958120685116,1
2023-09-30,0.002085958120685116,0.023076489785347213,0.014511736753513579,26575.208147321428,0.014777226433244417,26670.331612723214,0.011157881620032839,26306.136393229168,0.025156853614054953,0.011595612942005572,0.011190649056095086,56.21634213805996,-0.48721147127080344,10243027283.714285,-0.053060767421052625,0.4341034713033184,0.043709207,19,0.21052631578947367,0.6842105263157895,0.10526315789473684,1,26967.916015625,27983.75,0.036976120856382695,1
2023-10-01,0.036976120856382695,0.03498940440677011,0.063697984685212,26821.911551339286,0.04331676534078732,26773.87179129464,0.04518876530583604,26378.90390625,0.0608382402640224,0.0156809161254577,0.014695421124135744,67.292244786586,0.7827066930220858,10430320104.857143,0.1109777470631579,0.6465432352510061,0.0328973,19,0.2631578947368421,0.3684210526315789,0.3684210526315789,1,27983.75,27530.78515625,-0.01631914578851585,0
2023-10-02,-0.01631914578851585,0.022742933188551938,0.04579367811047843,26997.955078125,0.019735942095730152,26829.336356026786,0.02614484349947932,26434.303450520834,0.041479500595940966,0.018344852834829357,0.015564048031676757,60.00324005600226,1.0826192419550011,11543921257.0,0.11605344686764706,0.5239041990378234,0.0528455665,68,0.17647058823529413,0.5294117647058824,0.29411764705882354,1,27530.78515625,27429.978515625,-0.0036683170659445614,0
2023-10-03,-0.0036683170659445614,0.01698865800192217,0.04521893064005895,27171.202008928572,0.009523925611071293,26844.969308035714,0.021792135460336315,26482.983854166665,0.0357586088740276,0.01839638045387643,0.015012284772722274,58.48494345512839,-0.42364520937365024,11747109260.714285,-0.12293837800615384,0.576333735032006,0.002432799,65,0.3384615384615385,0.49230769230769234,0.16923076923076924,1,27429.978515625,27799.39453125,0.013377719302482879,1
2023-10-04,0.013377719302482879,-0.0066097435519773574,0.05344286708975236,27377.870256696428,0.015396532695981735,26892.639787946428,0.033717580365985045,26549.216471354168,0.0470890755380573,0.01856093638436838,0.015348979811669874,62.2542482586929,-0.023182256360852138,11664962734.571428,0.0965121549442623,0.44751419978347967,0.055262465,61,0.14754098360655737,0.6229508196721312,0.22950819672131148,1,27799.39453125,27415.912109375,-0.013890662255842758,0
2023-10-05,-0.013890662255842758,-0.004181260019304334,0.014488998598950146,27434.208147321428,-0.000666905997365741,26953.23116629464,0.017166065924554053,26603.7474609375,0.030528204706123052,0.01830239601657258,0.014637659701148671,56.51765350141904,0.06585972853956856,11350427157.857143,0.015859106719047625,0.5139133511105842,0.0541124,63,0.20634920634920634,0.6190476190476191,0.1746031746031746,1,27415.912109375,27946.59765625,0.019171883788155934,1
2023-10-06,0.019171883788155934,0.01865894083479623,0.03773355695740349,27582.047712053572,0.013216928199174971,27050.876116071428,0.033112477996467105,26676.859505208333,0.047596987598700125,0.019093750103329615,0.015301206541689321,61.76800756739135,0.1359858073150002,11792706618.142857,-0.06378179492881356,0.570514699798678,-0.024314914,59,0.288135593220339,0.5084745762711864,0.2033898305084746,1,27946.59765625,27968.83984375,0.0007955652201821253,1
2023-10-07,0.0007955652201821253,0.0060767867524954425,0.03644316405690066,27725.03683035714,0.008793604671641475,27150.122488839286,0.030155199308852687,26734.480989583335,0.04617104235715708,0.019137151190998954,0.015288228305822712,61.975244412181766,-0.5143155853491768,11967259691.714285,-0.09150750641176471,0.6774202260572925,0.009413108,17,0.35294117647058826,0.4117647058823529,0.23529411764705882,1,27968.83984375,27935.08984375,-0.0012074286830624696,0
2023-10-08,-0.0012074286830624696,0.01876002032527575,-0.0017403854825445459,27718.085379464286,0.007828984625557478,27269.998465401786,0.024389124157525588,26802.128841145834,0.04227130648162847,0.013044182426717855,0.014681545126765866,61.431106059172556,0.20812173826904434,11740539385.428572,0.11244475226399998,0.5674792127808787,0.12289816,13,0.15384615384615385,0.46153846153846156,0.38461538461538464,1,27935.08984375,27583.677734375,-0.012659387727925962,0
2023-10-09,-0.012659387727925962,-0.013071251190806309,0.0019193725780452871,27725.641462053572,-0.0051203045337244735,27361.798270089286,0.008109096562131324,26858.3955078125,0.027003929789906067,0.012347443534142506,0.015370938331411793,55.925229231369855,0.5167181657095421,10628343277.714285,-0.027960298759999995,0.5596288147121248,0.061180785,50,0.26,0.52,0.22,1,27583.677734375,27391.01953125,-0.0070090060125914885,0
2023-10-10,-0.0070090060125914885,-0.020875822423580027,-0.0014213163686016472,27720.07589285714,-0.011870687615683329,27445.63895089286,-0.001990094664605424,26910.3552734375,0.017861683836145836,0.01258745062316185,0.015533100726476358,53.1145755422624,-0.1694182245687046,10423419919.285715,-0.08277274018571427,0.5128437323040317,0.015420700499999999,70,0.2714285714285714,0.5857142857142857,0.14285714285714285,1,27391.01953125,26873.3203125,-0.019081220842271783,0
2023-10-11,-0.019081220842271783,-0.03874961458278928,-0.03388025651335634,27587.77957589286,-0.02589767188139991,27482.82491629464,-0.0221776547953505,26967.377473958335,-0.003487812693287018,0.01272857679030413,0.016603559486604656,46.37058669633248,0.36845627649552504,10781239779.142857,0.02271570491714286,0.4977372937131096,0.056193023,70,0.2,0.5857142857142857,0.21428571428571427,1,26873.3203125,26756.798828125,-0.00434538164717781,0
2023-10-12,-0.00434538164717781,-0.03043560850204107,-0.024334975904691334,27493.620535714286,-0.02679973365574584,27463.91434151786,-0.025747076858738005,26998.159309895833,-0.008939886567835953,0.012092799563499753,0.015178287539615982,44.986081852553276,-0.31177869482564335,10426333439.857143,-0.1293421814552239,0.5295302254518907,0.019911084,67,0.29850746268656714,0.5522388059701493,0.14925373134328357,1,26756.798828125,26862.375,0.0039380057832304975,1
2023-10-13,0.0039380057832304975,-0.019488596706219007,-0.039568853909616855,27338.731584821428,-0.01742423869752252,27460.3896484375,-0.02177735480426901,27019.2943359375,-0.005807677061676064,0.008023815499857841,0.015192484227284588,46.543471300809024,0.6145490576676542,10665322190.142857,-0.13953767813166668,0.5358453199613541,0.0234081365,60,0.31666666666666665,0.55,0.13333333333333333,1,26862.375,26861.70703125,-2.4866641728645306e-05,0
2023-10-14,-2.4866641728645306e-05,-0.00043224250567586896,-0.040389285771527596,27180.569754464286,-0.011731274439599093,27452.803292410714,-0.021531362566682644,27030.028776041665,-0.006227212933671011,0.007919237415608522,0.015179257646394113,46.53449547164025,-0.6447078385432248,10498903971.0,0.19061298023529413,0.4781326089600435,0.13177678,17,0.17647058823529413,0.47058823529411764,0.35294117647058826,1,26861.70703125,27159.65234375,0.011030760315870677,1
2023-10-15,0.011030760315870677,0.01494389945737249,-0.028151096772594475,27069.79296875,0.0033195442279050358,27393.93917410714,-0.008552506044059216,27048.394075520835,0.004113304025315623,0.010135216975342275,0.011391843141597878,51.06742505969179,0.31738087112604085,10381950641.0,-0.003708708181818182,0.6095608887274876,0.18415628,11,0.36363636363636365,0.45454545454545453,0.18181818181818182,1,27159.65234375,28519.466796875,0.04885439730476576,1
2023-10-16,0.04885439730476576,0.05986029097890797,0.033362688260097355,27203.477120535714,0.04837578926062558,27464.55929129464,0.03840977364289011,27113.43359375,0.05185743805790466,0.021591008777843423,0.01705738342572793,65.46039572348775,2.9212573293103166,12642837494.0,-0.038216523804166666,0.5375244510204826,0.020388751,72,0.25,0.5416666666666666,0.20833333333333334,1,28519.466796875,28415.748046875,-0.0036433994327744555,0
2023-10-17,-0.0036433994327744555,0.0562417581878621,0.03672829483991446,27349.86690848214,0.03897207770551492,27534.97140066964,0.03198756350202481,27176.152278645834,0.045613365553710095,0.02132087530978927,0.017056689312845236,63.91611918723691,-0.46566812254264844,13342719898.285715,0.019598646073972596,0.5478307457494835,0.065580904,73,0.2191780821917808,0.5616438356164384,0.2191780821917808,1,28415.748046875,28328.341796875,-0.0030807197496875486,0
2023-10-18,-0.0030807197496875486,0.042130278122303993,0.052728795932498726,27557.727120535714,0.02796365146402202,27572.753348214286,0.027403445681265293,27228.620963541667,0.04038841463200904,0.019010507774676187,0.01681640977971264,62.57636031103859,-0.14445419050960684,13210724791.571428,0.06117655969833334,0.5087459228188451,0.051796788999999996,60,0.2,0.55,0.25,1,28328.341796875,28719.806640625,0.013724231161473081,1
2023-10-19,0.013724231161473081,0.007000111979011138,0.07079840874114947,27838.156808035714,0.031670553430275694,27665.888671875,0.038094491785525264,27278.910611979165,0.05282087870521801,0.01834393083826016,0.016508431289790435,66.01249723837506,0.13548508232593548,13932888920.142857,-0.15764852324117645,0.5606842409896095,0.0070475573,68,0.3382352941176471,0.47058823529411764,0.19117647058823528,1,28719.806640625,29682.94921875,0.03298576898255148,1
2023-10-20,0.03298576898255148,0.04362928039433695,0.09984617194047045,28241.09598214286,0.05105514451418025,27789.91378348214,0.06811951451224174,27363.9419921875,0.0847468258493087,0.019930844504015322,0.017884342155593615,72.66304081243203,0.49058959614745645,14843004974.285715,0.09554677920967741,0.5785540493997621,0.089419657,62,0.20967741935483872,0.5,0.2903225806451613,1,29682.94921875,29918.412109375,0.007901299916077796,1
2023-10-21,0.007901299916077796,0.05461130006010222,0.10777233849827672,28677.768136160714,0.04326152465295641,27929.1689453125,0.07122457413457561,27475.634635416667,0.08890704460051091,0.019195367863164267,0.017877896333798857,74.00237259513233,-0.4641029027857302,15722009290.571428,-0.06788386278571429,0.5865586172198702,0.032940342,14,0.2857142857142857,0.5,0.21428571428571427,1,29918.412109375,29993.896484375,0.002519829955235934,1
2023-10-22,0.002519829955235934,0.043406898853865034,0.09926140813764214,29082.66015625,0.031332633370856566,28076.2265625,0.06830226695906272,27589.445572916666,0.08715111382371088,0.019778633902348724,0.017808963805252622,74.43479337261503,-0.09484559518905555,16200340442.0,0.043907035571428575,0.6679954405565744,0.07542040750000001,14,0.2857142857142857,0.35714285714285715,0.35714285714285715,1,29993.896484375,33086.234375,0.09812340552916099,1
2023-10-23,0.09812340552916099,0.10854453540047479,0.14853041636203726,29735.055524553572,0.11270128107476407,28469.26632254464,0.16217376310815612,27806.340364583335,0.1898809387063971,0.036158335559103014,0.029857329653413273,85.25495146557824,2.672378185664209,17704582695.142857,0.0038678171111111064,0.5270937854779162,0.05078619,63,0.20634920634920634,0.5714285714285714,0.2222222222222222,1,33086.234375,33901.52734375,0.024342751787773464,1
2023-10-24,0.024342751787773464,0.12498598727217036,0.17651656758258516,30518.73828125,0.11084301819182052,28934.302594866072,0.17167252373192787,28061.163736979168,0.20812977186239667,0.03445843322957619,0.029414215198360325,86.83677503094623,0.17129341555389432,21999221571.857143,0.08746332893285715,0.5461684197407264,0.107654725,70,0.21428571428571427,0.44285714285714284,0.34285714285714286,1,33901.52734375,34502.8203125,0.017581001125127033,1
2023-10-25,0.017581001125127033,0.14004715844206153,0.1971782884573997,31400.806640625,0.09878770655088043,29479.26688058036,0.17040971379206638,28334.641731770833,0.2176903678232487,0.03245734879866623,0.02770681306594931,87.87029568688813,-0.43798112367827524,23789248632.142857,0.07647699756410256,0.5550748299297099,0.0533665495,78,0.19230769230769232,0.5256410256410257,0.28205128205128205,1,34502.8203125,34156.6484375,-0.010083818433932462,0
2023-10-26,-0.010083818433932462,0.03183993447896801,0.17337023886199407,32177.49832589286,0.06150727106135978,30007.827566964286,0.13825795490451176,28599.288346354166,0.1943181251170638,0.035342365799277395,0.028100088021547016,83.79136378804625,-0.2307376754404573,24500553943.714287,-0.0061528985983871015,0.5281315978466128,0.040717086,62,0.24193548387096775,0.5645161290322581,0.1935483870967742,1,34156.6484375,33909.80078125,-0.007253169256571986,0
2023-10-27,-0.007253169256571986,0.00024401343462256996,0.1331313006228708,32781.334263392855,0.03442405695845374,30511.21512276786,0.11138807958998886,28851.191145833334,0.17533451599440197,0.037015636185126294,0.02866720319644759,80.90724149152871,-0.15489433481054415,23769397892.42857,-0.029997007756716425,0.5610095255145316,0.023689494,67,0.2537313432835821,0.5522388059701493,0.19402985074626866,1,33909.80078125,34089.57421875,0.0052875149613998505,1
2023-10-28,0.0052875149613998505,-0.012049472729104494,0.13051751566819297,33377.214564732145,0.021342693310620442,31027.491350446428,0.09868934725396405,29086.792057291666,0.17199497805067177,0.037159379947677915,0.028464070564691163,81.40911657924246,-0.3811481006992802,23572138439.42857,-0.24906502604999997,0.4473805966568119,-0.12874128,10,0.4,0.6,0.0,1,34089.57421875,34538.48046875,0.013082482218137433,1
2023-10-29,0.013082482218137433,0.01111682792296554,0.1410801679310945,34026.44084821428,0.015048286208358741,31554.55050223214,0.09456417280628915,29341.0173828125,0.17713983868132988,0.03660576342165471,0.0284361262013377,82.63649680717799,0.09842131897314466,23674110431.714287,0.14015611788750001,0.3868598650004053,0.1254838625,16,0.125,0.6875,0.1875,1,34538.48046875,34502.36328125,-0.001046255776520464,0
2023-10-30,-0.001046255776520464,0.01732374140301685,0.04191050662541289,34228.74497767857,0.007993816418038646,31981.900251116072,0.07880904543956757,29592.165625,0.165928973177339,0.012943657433814551,0.02726193044594671,82.16647640068018,0.5398173329517533,20648580146.57143,0.10625216377499999,0.484918905176244,0.080849055,64,0.140625,0.640625,0.21875,1,34502.36328125,34667.78125,0.004782938801692802,1
2023-10-31,0.004782938801692802,0.01681916524330988,0.022350693639332283,34338.20982142857,0.009597804611402916,32428.474051339286,0.06905373330596887,29814.966666666667,0.1627643806410426,0.010125043066789335,0.026943033777124082,82.65312939292686,-0.08301432067823011,16480476027.285715,-0.006202029867199998,0.44427154032586197,0.034942955,75,0.18666666666666668,0.6666666666666666,0.14666666666666667,1,34667.78125,35437.25390625,0.021952875620689455,1
2023-11-01,0.021952875620689455,0.02568955864586185,0.02672256813489478,34471.70033482143,0.028010036118039316,32936.25348772322,0.0759345752381646,30078.515625,0.178158335606031,0.01123452456133455,0.026535219326448627,84.7393087106056,0.42441212463209355,16079326598.285715,-0.013390840897297298,0.5126535971148033,0.072544155,74,0.20270270270270271,0.6081081081081081,0.1891891891891892,1,35437.25390625,34938.2421875,-0.014181643038139046,0
2023-11-02,-0.014181643038139046,0.01255417138424324,0.02262474353068813,34583.35658482143,0.010261745467307515,33380.427455357145,0.04666850759254859,30328.791080729166,0.15198268518192504,0.012149149129790234,0.027739537630892715,78.1734433196306,-0.06451465351027674,16303749908.0,0.1659541081772152,0.48298572167625786,0.13305844,79,0.12658227848101267,0.6455696202531646,0.22784810126582278,1,34938.2421875,34732.32421875,-0.005911206955145199,0
2023-11-03,-0.005911206955145199,0.0018600256274052943,0.02396670583211493,34700.85993303572,0.0009067292791880011,33741.09709821428,0.02937744192639724,30559.888736979166,0.13653307175565588,0.011965316929589506,0.027639387387128216,75.57129465541625,-0.18285897951261798,16409524740.857143,0.09803506064285714,0.5647640820489859,0.078545482,56,0.17857142857142858,0.5357142857142857,0.2857142857142857,1,34732.32421875,35082.1953125,0.010022958693683921,1
2023-11-04,0.010022958693683921,-0.010069891299600434,0.028702149564398764,34842.66294642857,0.0068746859687423,34109.938755580355,0.02850361485215469,30815.431510416667,0.13846191965999322,0.012219415456223912,0.02762559669472606,76.9737668545823,-0.4427649041744667,16323948089.285715,-0.176505655,0.5797791742388307,-0.23936879,16,0.4375,0.375,0.1875,1,35082.1953125,35049.35546875,-0.0009365213169939803,0
2023-11-05,-0.0009365213169939803,0.0031752304215446965,0.0146831460292675,34915.64508928572,0.00382952625169497,34471.04296875,0.016776762470583684,31052.190104166668,0.1287241045212777,0.0116368580304557,0.02772606096503621,76.52964594878034,0.29822842528089777,16502865233.571428,-0.015911934125000003,0.5103059561658545,0.0316796075,16,0.25,0.5,0.25,1,35049.35546875,35037.37109375,-0.0003419870125084872,0
2023-11-06,-0.0003419870125084872,0.00874445036418133,0.015387414793279543,34992.07477678572,0.0012944735987570066,34610.409877232145,0.01233620803776514,31287.8078125,0.11984103532341406,0.011608155890564643,0.011974246329629106,76.35650352164319,0.022613245233322532,15861233248.571428,-0.09049361349122807,0.5531775624768138,0.023663314,57,0.3157894736842105,0.5263157894736842,0.15789473684210525,1,35037.37109375,35443.5625,0.011526405303600254,1
2023-11-07,0.011526405303600254,0.010247896974097897,0.022130881295186932,35102.900669642855,0.009704663257408486,34720.55524553572,0.0208236086477116,31538.090234375,0.12383350534548931,0.012126650236407672,0.010732539700909562,78.16004279709018,0.4838170819781835,16300728531.285715,0.08672265265625001,0.5722322914584441,0.07093048499999999,64,0.265625,0.4375,0.296875,1,35443.5625,35655.27734375,0.005955525293475274,1
2023-11-08,0.005955525293475274,0.017139943584567136,0.00613353096797276,35134.046875,0.014835480541266266,34802.87360491072,0.02449233786025662,31807.1435546875,0.12098331880843771,0.009132972146297465,0.009953868630105379,79.0567749122833,-0.08172892493884454,15564888947.428572,0.05221869996760563,0.5167010421057087,0.071415015,71,0.18309859154929578,0.5915492957746479,0.22535211267605634,1,35655.27734375,36693.125,0.02869223982446583,1
2023-11-09,0.02869223982446583,0.046174170421541566,0.049007413830577676,35384.744419642855,0.036975838085489654,34984.050502232145,0.048852962227996066,32117.213736979167,0.14247534983871324,0.011437243413109107,0.011503149032663746,82.78770213604882,1.1833946296709823,17959819495.714287,0.0018361189871794882,0.4830673846245358,0.0770703825,78,0.21794871794871795,0.6282051282051282,0.15384615384615385,1,36693.125,37313.96875,0.01677834605033404,1
2023-11-10,0.01677834605033404,0.05142611116827534,0.07169696683605703,35753.55078125,0.04364372026423502,35227.205357142855,0.059237267665742444,32465.2353515625,0.14935155546944578,0.010329462953250327,0.01130665791466541,84.55969687251824,-0.39857897435708023,18753077846.285713,0.07891233571126761,0.5324960660214518,0.07326644,71,0.22535211267605634,0.5070422535211268,0.2676056338028169,1,37313.96875,37138.05078125,-0.004725682318407844,0
2023-11-11,-0.004725682318407844,0.040744903556392154,0.056948325823965314,36047.244419642855,0.03026046454227016,35444.95368303572,0.04776694345137811,32811.277083333334,0.13186849408292223,0.01178352123380931,0.011721059135534204,81.98416962727845,-0.386900199219659,19376360400.285713,-0.1333882434846154,0.46242255619282635,-0.045097947,13,0.23076923076923078,0.6153846153846154,0.15384615384615385,1,37138.05078125,37054.51953125,-0.002251742592082081,0
2023-11-12,-0.002251742592082081,0.009800921139844106,0.05563310454887723,36333.69642857143,0.019838969703939835,35624.67075892857,0.04013647682520882,33151.015234375,0.1177491630128833,0.011961426149356667,0.011736634262083838,80.72685426367893,-0.17082086005957353,19252499257.857143,-0.013327964117647053,0.6420108842957528,0.030305572,17,0.29411764705882354,0.47058823529411764,0.23529411764705882,1,37054.51953125,36502.35546875,-0.015013537055029228,0
2023-11-13,-0.015013537055029228,-0.021990961965519196,0.04096155450635643,36542.97991071428,-0.0011116893604062872,35767.52734375,0.020544560375611365,33472.37018229167,0.0905219818601708,0.014641264911515003,0.012834486085150603,72.78107450193248,0.6506306574361114,20161681596.42857,-0.04483549478253968,0.5471145905801491,0.04090786,63,0.25396825396825395,0.5396825396825397,0.20634920634920634,1,36502.35546875,35537.640625,-0.02678435783979465,0
2023-11-14,-0.02678435783979465,-0.04404963748690601,0.0026507913629614005,36556.419642857145,-0.02786867608508281,35829.66015625,-0.008150217723989828,33751.636458333334,0.05291607619889782,0.018750255679007954,0.015238795840643832,61.40841826017884,0.25185030422530574,20879205277.142857,-0.05832105395384615,0.5257340279530562,0.036927983,65,0.2923076923076923,0.5384615384615384,0.16923076923076924,1,35537.640625,37880.58203125,0.06384619927627835,1
2023-11-15,0.06384619927627835,0.022048304381454456,0.060541465345764524,36874.3203125,0.027288956385424834,36004.18359375,0.05211612235600649,34063.6736328125,0.1120521655879414,0.03062595675059678,0.022083072120756338,72.60456899136993,0.14705783540354167,22317837671.57143,-0.028999673262337662,0.5093391579144741,0.0324182,77,0.2727272727272727,0.5584415584415584,0.16883116883116883,1,37880.58203125,36154.76953125,-0.046629756190665436,0
2023-11-16,-0.046629756190665436,-0.009567914754181771,-0.014780530669366824,36797.412388392855,-0.017464349133026746,36091.078404017855,0.0017647332817036787,34321.641015625,0.0534102817167299,0.035287357517042386,0.025640539823839452,59.02136373424663,-0.049639887628239454,20638510955.0,0.14231208081818184,0.5450555585432834,0.116772632,66,0.18181818181818182,0.48484848484848486,0.3333333333333333,1,36154.76953125,36596.68359375,0.01214874696667944,1
2023-11-17,0.01214874696667944,0.029365190052292493,-0.019410129753021435,36694.943080357145,-0.0026777391749039925,36224.24693080357,0.010281419063255193,34597.25240885417,0.057791617706154375,0.034915736753975454,0.025642110711714766,61.03174384098065,-0.13697482026229146,20600477137.142857,0.08578289965619049,0.513949130304426,0.09539272,63,0.2222222222222222,0.5714285714285714,0.20634920634920634,1,36596.68359375,36585.703125,-0.000300085015663709,0
2023-11-18,-0.000300085015663709,-0.03478109423964952,-0.014984532450277269,36616.03627232143,-0.0008284115488589316,36331.640345982145,0.006992879391033435,34859.448958333334,0.04952040890634901,0.034914551147470774,0.02559576131174368,60.951728282066576,-0.47043850917501373,20309298647.857143,-0.36191433176923077,0.6623529728357391,-0.5529561,13,0.6153846153846154,0.23076923076923078,0.15384615384615385,1,36585.703125,37386.546875,0.021653391391504333,1
2023-11-19,0.021653391391504333,0.03350205334252027,0.00892060153330916,36663.46875,0.019722032575000048,36498.58258928572,0.02432873341155295,35116.235546875,0.06465132986975397,0.03605242189085449,0.026036923958132504,64.5973075821824,0.086653362569036,20505051584.142857,-0.06378925194117646,0.5651850881993752,0.02811344,17,0.35294117647058826,0.4117647058823529,0.23529411764705882,1,37386.546875,37476.95703125,0.002415334454994771,1
2023-11-20,0.002415334454994771,0.023768640830835592,0.026349473043333294,36802.697544642855,0.018320925681853728,36672.83872767857,0.02192680827199034,35368.18704427083,0.059623355427848024,0.03533476449404388,0.02600698758698391,64.99463945168542,0.6172368237057579,20766551052.42857,0.10345634360447761,0.5042950352782168,0.076105185,67,0.13432835820895522,0.6119402985074627,0.2537313432835821,1,37476.95703125,35813.8125,-0.045392621921948366,0
2023-11-21,-0.045392621921948366,-0.021323896075449277,0.007741208961179426,36842.150669642855,-0.027912001632689254,36699.28515625,-0.024127790295642937,35562.184244791664,0.007075725536886512,0.03856809097821824,0.029136639979231185,53.1723760341291,0.20508961175435902,20954373938.42857,-0.05366913140625,0.557793628357085,0.011301697,64,0.296875,0.484375,0.21875,1,35813.8125,37432.33984375,0.04420138946783627,1
2023-11-22,0.04420138946783627,0.0012241020008825988,-0.011903600847262604,36778.11607142857,0.017788398161853403,36826.21819196428,0.016458970851315202,35707.054427083334,0.048317774858462226,0.03364206240374378,0.03137037213780596,60.66997268774563,-0.03078463589826652,20530291964.285713,-0.020777247117142853,0.5831196440484848,0.026460401,70,0.2571428571428571,0.5142857142857142,0.22857142857142856,1,37432.33984375,37289.62109375,-0.003819999415433914,0
2023-11-23,-0.003819999415433914,-0.005011231869546019,0.030906155927968994,36940.23772321428,0.009458070442144306,36868.82505580357,0.011413329209963186,35819.990885416664,0.04102821279420432,0.027431049537873144,0.0305526675506816,59.761344951887054,-0.4173544369196731,18845658085.857143,0.15056441476129032,0.46533705711484397,0.115259415,62,0.12903225806451613,0.5806451612903226,0.2903225806451613,1,37289.62109375,37720.28125,0.01148288092363248,1
2023-11-24,0.01148288092363248,0.0518642709760348,0.0302402898849219,37100.751674107145,0.016698572075703577,36897.847377232145,0.022289481127707678,35927.239583333336,0.04990758230973191,0.027400899776462748,0.030376599096637823,61.62882361228103,0.6125952393963616,18913933713.42857,-0.006338727983582087,0.5247592431522805,0.04170187,67,0.22388059701492538,0.5671641791044776,0.208955223880597,1,37720.28125,37796.79296875,0.002026342935600158,1
2023-11-25,0.002026342935600158,0.009689224443798676,0.0325667178361856,37273.76450892857,0.014032080384479118,36944.900390625,0.023058461901853455,36048.577734375,0.04849609455487469,0.02734958304023784,0.030336145129995416,61.96654295985852,-0.6030367793169411,18515869206.0,0.08240009946666665,0.4905623323582406,0.068269596,15,0.2,0.6666666666666666,0.13333333333333333,1,37796.79296875,37479.12109375,-0.00844024984109134,0
2023-11-26,-0.00844024984109134,0.0050689740181411895,0.0024730766035899305,37286.98939732143,0.005152781158630493,36975.22907366072,0.013627826864451631,36167.555078125,0.03626360733513523,0.026586355835216475,0.030436109591351145,59.620261047809436,0.5104883316773312,18634270565.285713,-0.03522301155625,0.5556421237011834,0.06642825499999999,16,0.3125,0.5,0.1875,1,37479.12109375,37254.16796875,-0.00602017674392167,0
2023-11-27,-0.00602017674392167,-0.012434083649412868,-0.005962434595326446,37255.162388392855,-2.66921301399492e-05,37028.929966517855,0.006082757520560422,36273.04153645833,0.027048364039324646,0.026668363453965244,0.03017010595916583,57.947044456974446,0.3825542136810407,18364944372.714287,-0.019028765212121216,0.527749274092053,0.0413671585,66,0.24242424242424243,0.5757575757575758,0.18181818181818182,1,37254.16796875,37831.0859375,0.015367313611233842,1
2023-11-28,0.015367313611233842,0.0009068870262208445,0.05479750093785577,37543.34430803572,0.0076642514077440715,37192.74748883928,0.017162981811232658,36382.79505208333,0.03980702646246348,0.018343872421280986,0.029223456968828623,60.97214420241469,0.14172613910527887,17868369123.857143,0.0009874646415384668,0.5139586345911292,0.1035243,65,0.26153846153846155,0.5692307692307692,0.16923076923076924,1,37831.0859375,37858.4921875,0.0007241750284948421,1
2023-11-29,0.0007241750284948421,0.01007131189580712,0.011320286498514454,37604.22321428572,0.00676171321942598,37191.169642857145,0.01794303731372482,36494.666015625,0.03737056180459586,0.008910734484001282,0.02370599118603826,61.11524523645854,-0.04459735644993568,17344268952.142857,-0.010929377211842112,0.4750513501047537,0.032882507,76,0.19736842105263158,0.631578947368421,0.17105263157894737,1,37858.4921875,37712.74609375,-0.0038571889984724806,0
2023-11-30,-0.0038571889984724806,0.01223429964125616,0.01128309691547574,37664.669642857145,0.0012764336272885757,37302.45368303572,0.010999072988618908,36596.16484375,0.030510881529999923,0.008914526842022817,0.01964902074015859,59.85827705438564,-0.12603700944907803,17901559582.142857,0.05550203025652174,0.5342941224467744,0.08048317,69,0.18840579710144928,0.5797101449275363,0.2318840579710145,1,37712.74609375,38688.75,0.02555073011462817,1
2023-12-01,0.02555073011462817,0.022417716144650705,0.02535094610647151,37803.02232142857,0.023430075802943318,37451.886997767855,0.03302538540463562,36704.548046875,0.054058749084472835,0.012410834095200277,0.020438907500809105,65.04323539329027,0.29790276829679807,17985820464.857143,0.12502409258730157,0.5758574636487194,0.100167364,63,0.25396825396825395,0.3333333333333333,0.4126984126984127,1,38688.75,39476.33203125,0.020152443138720524,1
2023-12-02,0.020152443138720524,0.04184598425487614,0.043477046309591996,38042.95647321428,0.03767781715506113,37658.36049107143,0.048275376741629517,36855.817708333336,0.0711017821841502,0.013832097702251373,0.020837211970261556,68.57106684631714,-0.33933660894096274,18905029671.57143,-0.03063892290476191,0.5547487909881268,-0.03591557,21,0.23809523809523808,0.5238095238095238,0.23809523809523808,1,39476.33203125,39978.390625,0.012637770520489717,1
2023-12-03,0.012637770520489717,0.0583409437738386,0.06455506667117322,38399.99497767857,0.04110405869164646,37843.4921875,0.05641388556115268,37030.68658854167,0.07960165765250582,0.012322990355623122,0.020432704843520583,70.6074397277761,0.015170604464042281,19194301136.42857,0.16833713162499997,0.49998844967445233,0.0911151175,24,0.125,0.5833333333333334,0.2916666666666667,1,39978.390625,41980.09765625,0.04885656688656327,1
2023-12-04,0.04885656688656327,0.08164678054577372,0.11943181030165803,39075.12779017857,0.0743431955404017,38165.14508928572,0.09995907412481642,37260.61666666667,0.12666137632137953,0.017414010748861418,0.02354997778234693,77.00474054054885,1.5273872757712827,22173330294.57143,0.162299232225,0.4543836081116018,0.12654483500000002,76,0.14473684210526316,0.5789473684210527,0.27631578947368424,1,41980.09765625,44080.6484375,0.04882523455973004,1
2023-12-05,0.04882523455973004,0.11031957196678296,0.1528897312501543,39967.92243303572,0.10290067019007432,38755.63337053572,0.13739976885560767,37561.659765625,0.17355432940268867,0.02107771230960657,0.020327884413861696,81.5442456556193,-0.08891920282734478,24261332797.57143,0.1242430549,0.502688132791169,0.0929339,62,0.1774193548387097,0.5483870967741935,0.27419354838709675,1,44080.6484375,43746.4453125,-0.007610515703398493,0
2023-12-06,-0.007610515703398493,0.09007128574289479,0.14455504051826068,40809.05859375,0.07197879147351527,39206.640904017855,0.11579172058111498,37851.962239583336,0.15572463682616067,0.02264646350073308,0.019258455189207064,78.87628959256074,-0.17631542471072492,25572934930.142857,0.16421758033492062,0.5066024740474869,0.06862484,63,0.14285714285714285,0.5555555555555556,0.30158730158730157,1,43746.4453125,43292.6640625,-0.010427160036986542,0
2023-12-07,-0.010427160036986542,0.030787558819344925,0.1379850694797466,41606.189732142855,0.04053421717332273,39635.4296875,0.09227184879374217,38113.598958333336,0.13588496614629686,0.023931166985432722,0.019728323949829214,75.27500952917886,-0.07602872087300094,26932903222.142857,0.03197617955362319,0.4618256791611265,0.07049875,69,0.17391304347826086,0.6811594202898551,0.14492753623188406,1,43292.6640625,44166.6015625,0.01998568323480024,1
2023-12-08,0.01998568323480024,0.0019480074944150387,0.1324200225999188,42388.739955357145,0.04194183665320694,40095.881138392855,0.1015246531197771,38397.309765625,0.15025250029469328,0.023796939942695074,0.019885790945959696,77.41381738419798,-0.11632189257498293,27062665034.285713,0.07113984081250001,0.47279887837293205,0.095020685,56,0.16071428571428573,0.625,0.21428571428571427,1,44166.6015625,43725.984375,-0.010026349184727985,0
2023-12-09,-0.010026349184727985,-0.0004678259869143569,0.10224123027647028,42995.83314732143,0.01698190671586186,40519.394810267855,0.0791371534482932,38631.73841145833,0.13186685800374676,0.02615293980481601,0.020565988279052125,73.94096369840108,-0.28880360412652406,27324689971.285713,0.157369401,0.36486094722735524,0.0487566825,20,0.1,0.65,0.25,1,43725.984375,43779.69921875,0.001227688266422679,1
2023-12-10,0.001227688266422679,0.011187022316494908,0.09083114802240301,43538.877232142855,0.005531194231838343,40969.43610491072,0.06859413702065664,38847.26276041667,0.12696998727434727,0.026646956620149313,0.020039988742091557,74.09354229052535,-0.25147834520639734,26929087842.142857,0.1580548679230769,0.4783917970194846,0.08123316,13,0.07692307692307693,0.6923076923076923,0.23076923076923078,1,43779.69921875,41243.83203125,-0.05966864669683699,0
2023-12-11,-0.05966864669683699,-0.06846730761514239,-0.01769406556099732,43433.69642857143,-0.05041855926130423,41254.412109375,-0.0002564593114779967,38984.12213541667,0.0579648783159441,0.0330848234768289,0.027358344878652525,57.096854210917286,2.1254744137198998,27040022443.714287,-0.04277988951940299,0.5273195175523214,0.044790927,67,0.2537313432835821,0.5671641791044776,0.1791044776119403,1,41243.83203125,41450.22265625,0.004991678164292342,1
2023-12-12,0.004991678164292342,-0.053449280266122196,-0.061527621956435026,43057.92131696428,-0.03733804632321791,41512.921875,-0.0015103542684563598,39130.64557291667,0.059277761697311915,0.024874905029131204,0.027262399466987945,57.94247529009154,-0.3901577501763607,25392503243.285713,0.12237904964281249,0.5442950385043135,0.065437887,64,0.1875,0.515625,0.296875,1,41450.22265625,42890.7421875,0.03416274957103686,1
2023-12-13,0.03416274957103686,-0.020514218961507923,-0.019754356681999645,42935.678013392855,-0.0010465847512374227,41872.36830357143,0.024320904815926303,39343.591796875,0.09015827555700562,0.029739978715252684,0.028164858474576053,63.36929951575503,0.08145293093846107,24947949398.714287,0.05135396439868421,0.5021918947194589,0.057740526,76,0.19736842105263158,0.5657894736842105,0.23684210526315788,1,42890.7421875,43023.97265625,0.003101461159203954,1
2023-12-14,0.003101461159203954,0.042255888894533127,-0.00622573548580911,42897.29352678572,0.0029530797644654605,42251.74162946428,0.01827690402819271,39593.13619791667,0.08665230360089171,0.02960265215639708,0.027982947002791563,63.834104057396445,-0.045501893557406414,24654059328.285713,0.018473282519736848,0.5399781172491601,0.039246114,76,0.21052631578947367,0.5789473684210527,0.21052631578947367,1,43023.97265625,41929.7578125,-0.025761678809584642,0
2023-12-15,-0.025761678809584642,0.011502531920656195,-0.051973097530193926,42577.744419642855,-0.015218904053637794,42483.2421875,-0.013028298842098551,39728.108723958336,0.05541791842746191,0.02927396350799516,0.02904662821309226,57.39290025900917,-0.23219034380279546,23970963010.42857,-0.009984661993749998,0.5559065795097218,0.0178953295,64,0.265625,0.53125,0.203125,1,41929.7578125,42240.1171875,0.007374628549158558,1
2023-12-16,0.007374628549158558,-0.01528558910122206,-0.03457211979630739,42365.47767857143,-0.002959024610144634,42680.65541294643,-0.01032173056350949,39930.95364583333,0.05782891042742788,0.029751150892165477,0.028758457991885304,58.66687115043711,-0.2674573314473351,23545037213.142857,-0.3705119765625,0.5000712243545115,-0.31388617,16,0.5,0.4375,0.0625,1,42240.1171875,41364.6640625,-0.02094342240847231,0
2023-12-17,-0.02094342240847231,-0.03933047266889837,-0.05674323047120231,42020.47265625,-0.015606882842914782,42779.67494419643,-0.03307670952484387,40089.886328125,0.03179798824923785,0.030162566071190958,0.029449604474427748,53.781854815834755,0.15931162615255623,24070497421.42857,-0.07771402086363638,0.5907799076121598,0.010624640500000001,22,0.2727272727272727,0.5454545454545454,0.18181818181818182,1,41364.6640625,42623.5390625,0.029979669511789556,1
2023-12-18,0.029979669511789556,0.016410875652475943,0.03290508573742427,42217.57366071428,0.009616028743108185,42825.635044642855,-0.004719042272979368,40291.14752604167,0.057888436534373255,0.022739130474384882,0.027530288659302345,59.06079663943359,0.512386316582045,21869350274.285713,0.14652298790163934,0.599231888725344,0.16666272,61,0.22950819672131148,0.4262295081967213,0.3442622950819672,1,42623.5390625,42270.52734375,-0.008316570718615267,0
2023-12-19,-0.008316570718615267,0.0007196763847018013,0.019596836854516683,42334.760044642855,-0.0015172567607592002,42696.34068080357,-0.009973063973724106,40453.946875,0.04490490073473197,0.02326109895591261,0.02390545782368956,57.091561915744315,-0.08141406828880615,21639561867.0,0.1177835996,0.4439299637462441,0.0850633925,10,0.1,0.7,0.2,1,42270.52734375,43652.25,0.032164737244750545,1
